"","scenario","rating","recall","realrate","know","bardguilt","num_uid"
"1",5,96,47,99,94,TRUE,1
"2",6,75,45,99,85,TRUE,1
"3",12,46,23,93,24,FALSE,1
"4",8,25,5,91,10,FALSE,1
"5",2,44,83,97,77,TRUE,1
"6",28,62,1,95,3,TRUE,1
"7",29,11,21,100,17,FALSE,1
"8",30,77,51,99,19,TRUE,1
"9",21,84,9,98,3,TRUE,1
"10",16,20,2,100,6,FALSE,1
"11",23,63,44,98,63,TRUE,1
"12",19,98,61,99,71,TRUE,1
"13",27,46,31,98,22,FALSE,1
"14",11,32,4,100,2,FALSE,1
"15",24,98,1,97,0,TRUE,1
"16",22,71,1,97,2,TRUE,1
"17",18,49,1,98,2,FALSE,1
"18",10,23,1,99,2,FALSE,1
"19",26,48,1,98,3,FALSE,1
"20",20,93,73,98,62,TRUE,1
"21",13,42,2,99,47,FALSE,1
"22",31,98,1,96,5,TRUE,1
"23",17,90,5,95,42,TRUE,1
"24",14,70,5,94,6,TRUE,1
"25",25,58,3,99,0,TRUE,1
"26",7,61,4,97,3,TRUE,1
"27",4,56,5,99,6,FALSE,1
"28",15,91,68,99,65,TRUE,1
"29",1,73,69,97,67,TRUE,1
"30",3,58,63,97,91,TRUE,1
"31",9,51,2,98,73,TRUE,1
"32",15,8,0,100,0,FALSE,2
"33",17,37,51,100,30,FALSE,2
"34",26,8,0,67,0,FALSE,2
"35",11,18,0,99,0,FALSE,2
"36",14,72,0,100,9,TRUE,2
"37",30,37,44,100,28,FALSE,2
"38",8,46,0,86,13,FALSE,2
"39",21,35,0,99,0,FALSE,2
"40",19,71,0,99,1,TRUE,2
"41",23,57,96,100,52,TRUE,2
"42",25,64,16,100,25,TRUE,2
"43",16,36,0,99,20,FALSE,2
"44",31,74,100,100,37,TRUE,2
"45",24,76,11,100,19,TRUE,2
"46",29,29,0,100,0,FALSE,2
"47",28,52,0,100,12,TRUE,2
"48",5,85,0,99,0,TRUE,2
"49",22,50,61,87,25,FALSE,2
"50",12,81,0,99,1,TRUE,2
"51",7,56,0,83,2,TRUE,2
"52",2,23,1,88,0,FALSE,2
"53",3,58,19,98,4,TRUE,2
"54",10,27,0,100,0,FALSE,2
"55",13,97,28,100,13,TRUE,2
"56",1,100,51,100,44,TRUE,2
"57",6,73,0,100,21,TRUE,2
"58",4,39,24,87,6,FALSE,2
"59",9,17,1,100,10,FALSE,2
"60",20,5,32,100,52,FALSE,2
"61",27,9,52,100,30,FALSE,2
"62",18,47,0,100,11,TRUE,2
"63",12,55,18,88,17,TRUE,3
"64",25,67,26,89,18,TRUE,3
"65",3,62,43,16,13,TRUE,3
"66",22,84,9,51,6,TRUE,3
"67",5,49,24,60,15,FALSE,3
"68",15,21,39,84,26,FALSE,3
"69",7,14,1,8,0,FALSE,3
"70",13,72,47,81,22,TRUE,3
"71",2,32,32,79,18,FALSE,3
"72",4,10,12,31,6,FALSE,3
"73",8,74,31,43,20,TRUE,3
"74",14,35,19,38,7,FALSE,3
"75",26,19,8,9,1,FALSE,3
"76",18,51,10,44,3,FALSE,3
"77",21,74,27,59,17,TRUE,3
"78",10,50,10,38,7,FALSE,3
"79",20,23,18,68,5,FALSE,3
"80",6,15,29,50,15,FALSE,3
"81",27,26,61,95,52,FALSE,3
"82",1,100,69,100,52,TRUE,3
"83",16,12,19,78,14,FALSE,3
"84",9,14,6,40,4,FALSE,3
"85",19,72,28,55,11,TRUE,3
"86",30,44,44,48,28,FALSE,3
"87",17,50,29,54,14,FALSE,3
"88",24,6,11,20,7,FALSE,3
"89",29,32,30,47,20,FALSE,3
"90",31,82,51,52,47,TRUE,3
"91",28,49,21,65,11,FALSE,3
"92",23,49,53,74,48,FALSE,3
"93",11,7,3,26,0,FALSE,3
"94",20,45,34,35,33,FALSE,4
"95",24,45,49,45,46,FALSE,4
"96",1,48,43,55,50,FALSE,4
"97",31,54,41,31,18,FALSE,4
"98",22,41,35,43,30,TRUE,4
"99",23,39,41,39,34,TRUE,4
"100",29,48,33,37,44,FALSE,4
"101",6,41,40,44,41,FALSE,4
"102",14,37,29,34,39,TRUE,4
"103",17,34,49,62,28,FALSE,4
"104",4,35,42,50,24,FALSE,4
"105",25,37,38,44,22,FALSE,4
"106",26,67,19,49,48,TRUE,4
"107",16,32,28,42,44,FALSE,4
"108",3,34,31,37,42,FALSE,4
"109",21,38,44,46,33,FALSE,4
"110",8,48,41,34,27,TRUE,4
"111",11,36,38,37,5,FALSE,4
"112",10,39,31,39,38,FALSE,4
"113",2,35,40,36,33,FALSE,4
"114",9,15,22,23,67,FALSE,4
"115",18,38,40,43,39,TRUE,4
"116",7,43,34,42,41,FALSE,4
"117",28,34,41,49,36,FALSE,4
"118",19,9,45,43,29,FALSE,4
"119",27,51,25,41,49,FALSE,4
"120",5,28,44,53,40,FALSE,4
"121",13,36,51,40,48,FALSE,4
"122",12,34,42,35,35,FALSE,4
"123",15,34,35,36,35,TRUE,4
"124",30,64,44,58,44,TRUE,4
"125",26,62,77,47,60,TRUE,5
"126",23,77,16,74,75,TRUE,5
"127",28,58,22,81,57,FALSE,5
"128",7,59,56,58,78,FALSE,5
"129",27,61,73,60,32,TRUE,5
"130",24,70,39,71,73,FALSE,5
"131",1,70,72,74,54,FALSE,5
"132",9,58,67,73,59,FALSE,5
"133",16,67,58,61,55,TRUE,5
"134",30,66,57,54,50,FALSE,5
"135",31,87,86,88,93,TRUE,5
"136",17,89,69,71,69,TRUE,5
"137",25,71,67,58,63,TRUE,5
"138",13,61,59,60,66,FALSE,5
"139",19,69,73,80,59,TRUE,5
"140",21,51,51,71,50,FALSE,5
"141",12,72,50,68,57,TRUE,5
"142",22,81,61,69,61,TRUE,5
"143",5,58,72,68,43,TRUE,5
"144",11,72,58,50,62,FALSE,5
"145",6,58,60,67,47,TRUE,5
"146",29,69,16,92,60,FALSE,5
"147",15,71,22,68,66,FALSE,5
"148",2,72,54,63,46,FALSE,5
"149",20,65,36,69,65,TRUE,5
"150",3,66,32,62,52,TRUE,5
"151",10,82,30,71,62,TRUE,5
"152",8,71,22,72,65,TRUE,5
"153",4,72,33,70,56,TRUE,5
"154",18,61,32,66,56,TRUE,5
"155",14,62,61,36,24,TRUE,5
"187",15,10,15,88,49,FALSE,6
"188",17,67,44,87,46,TRUE,6
"189",9,11,22,85,39,FALSE,6
"190",20,21,46,91,49,FALSE,6
"191",5,37,51,85,46,FALSE,6
"192",23,23,16,83,33,FALSE,6
"193",31,52,64,89,46,TRUE,6
"194",18,10,16,82,39,FALSE,6
"195",14,32,10,84,26,FALSE,6
"196",30,52,72,85,44,TRUE,6
"197",10,40,17,85,51,FALSE,6
"198",19,72,15,86,42,TRUE,6
"199",28,14,50,95,48,FALSE,6
"200",6,72,69,98,49,TRUE,6
"201",25,100,75,84,49,TRUE,6
"202",11,84,18,88,51,TRUE,6
"203",4,2,25,78,28,FALSE,6
"204",1,99,84,100,52,TRUE,6
"205",16,71,24,87,29,TRUE,6
"206",8,65,12,81,20,TRUE,6
"207",26,24,18,81,42,FALSE,6
"208",3,66,27,93,49,TRUE,6
"209",21,72,22,86,34,TRUE,6
"210",12,68,27,90,49,TRUE,6
"211",22,88,23,79,34,TRUE,6
"212",13,98,50,88,48,TRUE,6
"213",24,74,31,95,20,TRUE,6
"214",27,53,64,94,50,TRUE,6
"215",29,73,22,78,21,TRUE,6
"216",2,40,80,89,56,FALSE,6
"217",7,76,20,85,19,TRUE,6
"218",14,74,21,53,14,FALSE,7
"219",17,53,36,65,33,FALSE,7
"220",28,22,28,34,22,FALSE,7
"221",22,62,51,49,35,TRUE,7
"222",11,33,26,44,29,FALSE,7
"223",1,90,53,76,43,TRUE,7
"224",24,36,37,42,39,FALSE,7
"225",12,13,26,17,22,FALSE,7
"226",27,80,49,71,45,TRUE,7
"227",7,60,53,31,48,FALSE,7
"228",4,17,20,21,17,FALSE,7
"229",5,60,51,61,46,TRUE,7
"230",16,11,6,37,26,FALSE,7
"231",3,54,39,49,28,FALSE,7
"232",8,26,15,26,10,FALSE,7
"233",15,39,16,28,7,FALSE,7
"234",19,21,15,28,22,FALSE,7
"235",18,62,44,43,34,FALSE,7
"236",30,60,50,48,51,TRUE,7
"237",21,13,19,39,18,FALSE,7
"238",9,34,30,54,43,FALSE,7
"239",13,27,49,50,40,FALSE,7
"240",26,45,46,48,55,FALSE,7
"241",2,56,53,51,48,TRUE,7
"242",20,65,42,53,47,TRUE,7
"243",23,47,36,35,36,FALSE,7
"244",31,40,49,49,32,FALSE,7
"245",6,44,26,57,35,FALSE,7
"246",29,45,52,51,41,TRUE,7
"247",10,58,44,40,30,TRUE,7
"248",25,70,40,49,47,TRUE,7
"249",3,50,3,71,43,FALSE,8
"250",25,71,28,81,29,FALSE,8
"251",15,51,18,63,24,FALSE,8
"252",13,82,13,67,30,TRUE,8
"253",27,41,26,69,12,FALSE,8
"254",19,34,10,67,7,FALSE,8
"255",12,67,10,60,10,FALSE,8
"256",26,31,6,19,12,FALSE,8
"257",7,32,5,29,9,FALSE,8
"258",31,25,9,50,12,FALSE,8
"259",14,54,15,38,12,FALSE,8
"260",21,44,20,52,12,FALSE,8
"261",23,51,13,56,13,FALSE,8
"262",4,22,17,41,16,FALSE,8
"263",30,35,17,53,15,FALSE,8
"264",18,52,7,55,13,TRUE,8
"265",8,65,11,57,11,TRUE,8
"266",24,58,12,58,14,TRUE,8
"267",17,63,7,31,10,TRUE,8
"268",11,35,12,61,11,FALSE,8
"269",16,59,7,32,5,FALSE,8
"270",20,83,7,60,11,TRUE,8
"271",9,63,15,58,12,FALSE,8
"272",6,47,5,56,10,FALSE,8
"273",5,23,7,14,10,FALSE,8
"274",28,52,9,29,5,FALSE,8
"275",29,45,7,30,7,FALSE,8
"276",22,70,11,26,7,TRUE,8
"277",1,90,40,83,31,TRUE,8
"278",2,47,4,24,7,FALSE,8
"279",10,75,11,51,5,TRUE,8
"280",22,77,83,95,44,TRUE,9
"281",2,57,80,92,50,TRUE,9
"282",5,94,88,90,44,TRUE,9
"283",24,92,90,92,47,TRUE,9
"284",23,93,90,89,85,TRUE,9
"285",9,80,73,91,51,TRUE,9
"286",17,87,81,91,75,TRUE,9
"287",8,85,90,82,81,TRUE,9
"288",21,37,79,94,57,TRUE,9
"289",27,28,87,97,70,FALSE,9
"290",12,87,82,93,53,TRUE,9
"291",13,35,30,94,75,FALSE,9
"292",3,91,87,86,88,TRUE,9
"293",30,89,87,45,89,TRUE,9
"294",20,63,48,93,53,TRUE,9
"295",14,44,80,94,50,TRUE,9
"296",18,26,78,94,49,FALSE,9
"297",19,25,69,90,40,TRUE,9
"298",28,85,80,92,69,TRUE,9
"299",11,81,69,90,57,TRUE,9
"300",31,94,69,91,58,TRUE,9
"301",29,84,79,91,48,TRUE,9
"302",7,94,50,94,47,TRUE,9
"303",1,90,90,97,96,TRUE,9
"304",10,92,90,88,48,TRUE,9
"305",25,94,81,96,66,TRUE,9
"306",6,43,84,91,64,FALSE,9
"307",15,56,56,89,74,FALSE,9
"308",4,86,81,87,50,TRUE,9
"309",26,47,72,89,59,FALSE,9
"310",16,95,59,91,48,TRUE,9
"311",22,18,71,87,46,FALSE,10
"312",11,96,2,97,2,TRUE,10
"313",15,48,11,100,19,FALSE,10
"314",21,78,16,98,14,FALSE,10
"315",13,98,99,99,87,TRUE,10
"316",9,98,84,98,81,FALSE,10
"317",28,57,78,98,69,FALSE,10
"318",24,17,79,97,58,FALSE,10
"319",10,33,63,99,48,FALSE,10
"320",14,72,55,92,39,TRUE,10
"321",30,19,76,88,58,TRUE,10
"322",16,38,71,97,46,FALSE,10
"323",25,47,74,98,48,FALSE,10
"324",19,88,67,96,51,TRUE,10
"325",1,100,99,97,63,TRUE,10
"326",2,98,69,99,57,TRUE,10
"327",23,86,99,99,61,TRUE,10
"328",7,65,98,97,53,FALSE,10
"329",8,48,65,95,46,TRUE,10
"330",27,100,98,97,54,TRUE,10
"331",20,25,67,97,58,FALSE,10
"332",6,64,48,53,48,TRUE,10
"333",26,67,60,63,44,TRUE,10
"334",29,59,67,86,52,FALSE,10
"335",12,62,49,98,41,TRUE,10
"336",5,26,43,65,37,FALSE,10
"337",18,66,56,99,46,TRUE,10
"338",17,56,75,86,61,TRUE,10
"339",31,78,98,99,64,TRUE,10
"340",3,21,59,85,34,FALSE,10
"341",4,35,43,79,36,FALSE,10
"342",21,71,16,87,33,TRUE,11
"343",22,75,46,95,41,TRUE,11
"344",25,14,5,72,28,FALSE,11
"345",30,81,63,92,44,TRUE,11
"346",17,47,4,94,12,FALSE,11
"347",14,60,6,91,31,TRUE,11
"348",27,82,31,74,39,TRUE,11
"349",6,94,60,98,66,TRUE,11
"350",19,23,0,96,27,FALSE,11
"351",4,20,0,83,11,FALSE,11
"352",3,49,0,67,34,FALSE,11
"353",12,8,2,73,18,FALSE,11
"354",11,60,7,76,23,TRUE,11
"355",31,97,68,96,51,TRUE,11
"356",26,0,0,100,0,FALSE,11
"357",9,100,1,100,23,TRUE,11
"358",7,0,0,62,0,FALSE,11
"359",13,68,16,89,33,TRUE,11
"360",15,85,27,96,26,TRUE,11
"361",29,2,5,91,15,FALSE,11
"362",20,19,1,80,2,FALSE,11
"363",16,0,0,56,48,FALSE,11
"364",5,100,0,96,15,TRUE,11
"365",24,66,3,82,11,TRUE,11
"366",28,85,33,90,11,TRUE,11
"367",23,15,22,80,24,FALSE,11
"368",8,68,2,84,12,TRUE,11
"369",10,64,0,68,2,TRUE,11
"370",2,64,8,94,26,TRUE,11
"371",18,18,24,81,18,FALSE,11
"372",1,11,31,79,22,FALSE,11
"373",23,34,15,48,10,FALSE,12
"374",30,69,2,17,1,TRUE,12
"375",9,41,2,24,1,FALSE,12
"376",22,58,2,12,1,TRUE,12
"377",14,64,1,43,0,TRUE,12
"378",27,1,2,41,11,FALSE,12
"379",15,26,1,19,1,FALSE,12
"380",13,72,13,16,11,TRUE,12
"381",18,69,5,11,2,TRUE,12
"382",31,80,9,10,9,TRUE,12
"383",17,71,9,8,9,TRUE,12
"384",25,50,1,3,2,FALSE,12
"385",11,89,0,1,1,TRUE,12
"386",24,49,0,13,0,FALSE,12
"387",6,80,5,6,6,TRUE,12
"388",28,64,3,2,2,TRUE,12
"389",8,65,5,4,4,TRUE,12
"390",7,98,1,1,3,TRUE,12
"391",16,15,4,3,3,FALSE,12
"392",26,49,5,3,4,TRUE,12
"393",5,81,0,1,2,TRUE,12
"394",20,48,2,3,2,FALSE,12
"395",3,88,3,2,3,TRUE,12
"396",12,49,2,3,3,FALSE,12
"397",2,89,1,15,2,TRUE,12
"398",1,23,2,8,3,FALSE,12
"399",10,81,5,3,6,TRUE,12
"400",21,97,1,1,1,TRUE,12
"401",29,43,6,10,7,FALSE,12
"402",4,20,6,5,7,FALSE,12
"403",19,96,9,8,8,TRUE,12
"404",5,74,6,68,14,TRUE,13
"405",26,98,38,80,65,TRUE,13
"406",21,50,58,77,21,FALSE,13
"407",18,22,84,100,59,FALSE,13
"408",31,52,94,98,86,TRUE,13
"409",28,51,20,27,3,FALSE,13
"410",3,95,47,78,23,TRUE,13
"411",2,29,70,58,61,FALSE,13
"412",8,78,73,77,61,TRUE,13
"413",23,44,71,74,55,FALSE,13
"414",27,96,89,94,97,TRUE,13
"415",20,30,62,45,29,FALSE,13
"416",24,10,38,24,11,FALSE,13
"417",15,36,73,46,62,FALSE,13
"418",12,71,72,55,68,TRUE,13
"419",13,98,95,96,94,TRUE,13
"420",19,95,89,78,85,TRUE,13
"421",17,45,40,49,37,FALSE,13
"422",7,47,37,60,60,FALSE,13
"423",1,59,71,83,86,TRUE,13
"424",9,53,67,75,71,TRUE,13
"425",10,39,47,47,49,FALSE,13
"426",16,20,16,71,6,FALSE,13
"427",22,42,55,79,28,FALSE,13
"428",4,38,17,26,24,FALSE,13
"429",6,38,22,59,68,FALSE,13
"430",29,56,67,87,57,TRUE,13
"431",25,31,29,53,87,FALSE,13
"432",14,37,53,39,24,FALSE,13
"433",30,93,82,79,61,TRUE,13
"434",11,49,37,81,51,FALSE,13
"435",23,9,1,79,66,FALSE,14
"436",7,67,52,85,73,TRUE,14
"437",15,89,76,86,73,TRUE,14
"438",29,98,85,98,92,TRUE,14
"439",14,98,85,87,69,TRUE,14
"440",9,86,81,87,72,TRUE,14
"441",1,98,95,97,92,TRUE,14
"442",27,72,93,96,75,TRUE,14
"443",21,44,85,91,72,FALSE,14
"444",4,16,17,61,59,FALSE,14
"445",10,93,42,81,54,TRUE,14
"446",2,98,23,96,59,TRUE,14
"447",3,39,25,83,26,FALSE,14
"448",30,81,28,97,22,TRUE,14
"449",31,100,70,80,73,TRUE,14
"450",26,59,70,84,43,FALSE,14
"451",12,5,11,85,48,FALSE,14
"452",6,96,49,88,58,TRUE,14
"453",25,73,55,74,36,TRUE,14
"454",16,30,24,72,58,FALSE,14
"455",24,98,70,98,69,TRUE,14
"456",20,17,38,90,27,FALSE,14
"457",13,85,44,72,33,TRUE,14
"458",11,51,31,65,23,FALSE,14
"459",19,75,47,94,74,TRUE,14
"460",8,84,71,98,74,TRUE,14
"461",18,91,37,92,50,TRUE,14
"462",5,65,12,93,28,TRUE,14
"463",28,15,31,84,21,FALSE,14
"464",22,99,68,97,78,TRUE,14
"465",17,98,88,99,82,TRUE,14
"466",1,100,99,97,98,TRUE,15
"467",16,17,14,47,11,FALSE,15
"468",29,84,26,60,60,TRUE,15
"469",15,30,59,96,47,FALSE,15
"470",30,99,9,51,13,TRUE,15
"471",17,79,87,97,91,TRUE,15
"472",21,18,71,98,59,FALSE,15
"473",10,75,61,91,47,TRUE,15
"474",12,64,66,75,46,TRUE,15
"475",18,97,22,80,20,TRUE,15
"476",19,80,26,64,25,TRUE,15
"477",14,56,45,80,45,TRUE,15
"478",8,85,57,98,42,TRUE,15
"479",31,99,99,99,98,TRUE,15
"480",4,83,57,67,49,TRUE,15
"481",20,75,41,98,23,TRUE,15
"482",6,98,73,99,57,TRUE,15
"483",26,98,0,50,4,TRUE,15
"484",2,91,48,99,41,TRUE,15
"485",27,98,97,98,85,TRUE,15
"486",24,100,55,86,45,TRUE,15
"487",22,99,52,71,31,TRUE,15
"488",28,98,56,63,35,TRUE,15
"489",9,98,72,98,53,TRUE,15
"490",5,47,42,78,33,FALSE,15
"491",7,98,70,62,44,TRUE,15
"492",11,83,50,72,34,TRUE,15
"493",3,99,48,96,39,TRUE,15
"494",25,71,65,98,58,TRUE,15
"495",13,79,60,100,68,TRUE,15
"496",23,36,52,95,50,FALSE,15
"497",9,47,67,85,62,FALSE,16
"498",10,83,29,90,21,TRUE,16
"499",18,86,1,100,3,TRUE,16
"500",15,44,100,100,50,FALSE,16
"501",16,20,26,88,38,FALSE,16
"502",23,59,100,90,71,FALSE,16
"503",25,50,92,100,95,FALSE,16
"504",6,61,2,90,53,TRUE,16
"505",17,100,61,98,78,TRUE,16
"506",26,83,18,82,36,TRUE,16
"507",21,61,19,79,39,TRUE,16
"508",5,63,1,52,3,TRUE,16
"509",4,12,0,27,0,FALSE,16
"510",30,80,100,100,65,TRUE,16
"511",8,14,24,36,13,FALSE,16
"512",20,65,0,50,0,TRUE,16
"513",24,100,5,86,10,TRUE,16
"514",28,49,80,80,42,FALSE,16
"515",19,34,24,61,24,FALSE,16
"516",11,64,53,100,29,TRUE,16
"517",7,25,7,23,4,FALSE,16
"518",3,15,0,100,10,FALSE,16
"519",29,85,24,85,6,TRUE,16
"520",22,44,69,58,78,FALSE,16
"521",1,80,100,100,77,TRUE,16
"522",27,32,86,100,84,FALSE,16
"523",12,43,20,56,8,FALSE,16
"524",31,93,87,89,83,TRUE,16
"525",13,100,68,100,49,TRUE,16
"526",14,60,36,60,36,TRUE,16
"527",2,5,18,74,9,FALSE,16
"528",25,50,10,86,11,FALSE,17
"529",21,79,87,94,44,TRUE,17
"530",27,12,22,50,31,FALSE,17
"531",26,66,8,15,6,FALSE,17
"532",19,90,29,53,15,TRUE,17
"533",31,94,56,93,66,TRUE,17
"534",11,58,32,56,18,FALSE,17
"535",1,98,52,97,62,TRUE,17
"536",15,17,28,77,16,FALSE,17
"537",20,12,23,63,18,FALSE,17
"538",9,12,18,50,14,FALSE,17
"539",29,60,50,79,42,TRUE,17
"540",28,97,93,96,57,TRUE,17
"541",8,95,17,23,13,TRUE,17
"542",24,17,17,50,16,FALSE,17
"543",17,46,97,92,78,FALSE,17
"544",23,34,87,89,69,FALSE,17
"545",3,20,16,47,5,FALSE,17
"546",4,4,5,37,9,FALSE,17
"547",10,88,12,45,8,TRUE,17
"548",13,97,86,85,65,TRUE,17
"549",5,8,34,59,14,FALSE,17
"550",6,58,2,22,8,FALSE,17
"551",14,32,10,37,11,FALSE,17
"552",16,30,43,50,20,FALSE,17
"553",12,98,47,79,37,TRUE,17
"554",30,52,18,47,19,FALSE,17
"555",18,38,51,74,40,FALSE,17
"556",22,98,50,82,40,TRUE,17
"557",7,93,18,49,16,TRUE,17
"558",2,78,18,49,18,TRUE,17
"559",26,86,2,92,1,TRUE,18
"560",7,98,1,99,1,TRUE,18
"561",19,57,0,99,1,FALSE,18
"562",9,61,2,99,1,FALSE,18
"563",22,100,29,98,5,TRUE,18
"564",1,60,2,89,0,TRUE,18
"565",30,97,53,98,14,TRUE,18
"566",18,72,47,98,2,TRUE,18
"567",23,98,35,98,0,TRUE,18
"568",31,99,79,99,2,TRUE,18
"569",27,68,76,98,3,TRUE,18
"570",24,93,13,99,2,TRUE,18
"571",3,99,19,99,2,TRUE,18
"572",17,100,60,98,7,TRUE,18
"573",29,64,13,100,2,TRUE,18
"574",8,99,1,92,1,TRUE,18
"575",13,98,61,100,5,TRUE,18
"576",11,100,41,100,2,TRUE,18
"577",4,99,0,100,1,TRUE,18
"578",28,84,2,91,2,TRUE,18
"579",16,99,27,99,1,TRUE,18
"580",20,73,3,92,0,TRUE,18
"581",15,92,18,100,0,TRUE,18
"582",10,95,36,99,3,TRUE,18
"583",12,85,23,97,2,TRUE,18
"584",6,54,8,86,2,FALSE,18
"585",2,98,67,99,7,TRUE,18
"586",21,71,0,87,2,TRUE,18
"587",14,100,2,98,2,TRUE,18
"588",5,98,2,100,2,TRUE,18
"589",25,100,2,100,1,TRUE,18
"590",12,11,6,83,53,FALSE,19
"591",21,93,14,68,58,TRUE,19
"592",5,26,52,87,69,FALSE,19
"593",4,20,19,84,50,FALSE,19
"594",13,80,77,67,62,TRUE,19
"595",8,8,46,59,53,FALSE,19
"596",17,88,86,81,54,TRUE,19
"597",14,35,44,0,51,FALSE,19
"598",27,52,51,88,50,FALSE,19
"599",30,9,8,54,40,FALSE,19
"600",3,18,54,56,47,FALSE,19
"601",23,80,65,62,52,TRUE,19
"602",16,42,55,58,57,TRUE,19
"603",6,9,57,55,56,FALSE,19
"604",28,22,49,57,51,FALSE,19
"605",15,55,47,51,49,FALSE,19
"606",22,74,53,58,50,TRUE,19
"607",18,30,53,56,52,FALSE,19
"608",25,48,53,55,59,FALSE,19
"609",31,13,27,56,52,FALSE,19
"610",24,18,49,52,56,FALSE,19
"611",9,6,47,47,52,FALSE,19
"612",20,36,54,26,50,FALSE,19
"613",2,32,19,34,47,FALSE,19
"614",11,25,46,55,52,FALSE,19
"615",19,75,57,58,53,TRUE,19
"616",29,61,51,57,50,TRUE,19
"617",26,78,49,57,62,TRUE,19
"618",10,72,52,67,58,TRUE,19
"619",7,66,42,58,54,TRUE,19
"620",1,97,64,91,44,TRUE,19
"621",4,55,2,56,31,FALSE,20
"622",29,40,6,73,27,FALSE,20
"623",3,15,17,73,43,FALSE,20
"624",22,68,9,61,19,TRUE,20
"625",14,47,7,73,16,FALSE,20
"626",11,73,26,74,21,TRUE,20
"627",23,65,28,72,23,TRUE,20
"628",28,69,14,68,16,TRUE,20
"629",2,62,37,78,33,TRUE,20
"630",6,86,28,92,34,TRUE,20
"631",16,51,22,52,13,FALSE,20
"632",18,62,22,78,25,TRUE,20
"633",7,60,9,52,13,TRUE,20
"634",26,89,15,56,7,TRUE,20
"635",13,69,39,58,10,TRUE,20
"636",27,48,53,75,20,FALSE,20
"637",10,66,5,47,6,TRUE,20
"638",30,55,66,85,18,TRUE,20
"639",24,72,9,57,8,TRUE,20
"640",8,61,12,51,5,TRUE,20
"641",20,68,14,55,26,FALSE,20
"642",21,47,16,51,5,FALSE,20
"643",25,62,27,69,11,TRUE,20
"644",1,80,52,78,30,TRUE,20
"645",19,38,6,38,6,FALSE,20
"646",9,66,24,63,22,TRUE,20
"647",15,83,14,89,19,TRUE,20
"648",12,76,26,60,23,TRUE,20
"649",5,76,6,63,14,TRUE,20
"650",31,75,77,93,41,TRUE,20
"651",17,87,47,82,23,TRUE,20
"652",30,0,0,97,4,FALSE,21
"653",5,96,10,98,11,TRUE,21
"654",23,56,71,50,66,FALSE,21
"655",8,95,41,93,4,TRUE,21
"656",31,71,75,96,23,TRUE,21
"657",10,12,19,17,21,FALSE,21
"658",2,97,33,100,15,TRUE,21
"659",17,94,39,36,41,TRUE,21
"660",18,80,52,43,25,TRUE,21
"661",25,56,58,34,41,FALSE,21
"662",4,92,75,73,56,TRUE,21
"663",29,96,31,18,12,TRUE,21
"664",7,60,31,46,44,TRUE,21
"665",9,39,22,21,15,TRUE,21
"666",22,74,60,53,60,TRUE,21
"667",14,97,64,56,58,TRUE,21
"668",12,78,70,48,48,TRUE,21
"669",13,91,87,91,8,TRUE,21
"670",11,97,40,24,20,TRUE,21
"671",6,89,42,49,52,TRUE,21
"672",24,93,61,49,35,TRUE,21
"673",1,92,20,17,16,TRUE,21
"674",16,91,10,7,4,TRUE,21
"675",3,59,13,12,12,TRUE,21
"676",21,95,16,14,10,TRUE,21
"677",27,92,19,98,11,TRUE,21
"678",28,96,20,30,29,TRUE,21
"679",20,73,10,10,5,FALSE,21
"680",26,59,18,20,26,TRUE,21
"681",19,96,3,10,12,TRUE,21
"682",15,98,9,94,14,TRUE,21
"683",1,85,21,90,70,TRUE,22
"684",8,62,10,71,5,FALSE,22
"685",14,25,70,77,67,FALSE,22
"686",23,57,74,81,72,FALSE,22
"687",27,95,99,97,93,TRUE,22
"688",13,93,88,99,93,TRUE,22
"689",26,46,9,41,11,FALSE,22
"690",22,25,75,62,42,FALSE,22
"691",6,70,26,72,16,TRUE,22
"692",20,64,39,57,18,TRUE,22
"693",30,68,62,78,62,TRUE,22
"694",2,8,14,75,23,FALSE,22
"695",4,66,18,47,21,TRUE,22
"696",24,16,14,60,17,FALSE,22
"697",28,67,25,66,21,TRUE,22
"698",29,73,59,92,39,TRUE,22
"699",19,16,27,33,8,FALSE,22
"700",5,30,17,78,20,FALSE,22
"701",15,87,22,83,16,TRUE,22
"702",9,63,24,36,15,TRUE,22
"703",11,18,21,19,6,FALSE,22
"704",12,23,24,17,19,FALSE,22
"705",18,17,14,55,17,FALSE,22
"706",25,52,80,94,71,TRUE,22
"707",17,81,81,92,68,TRUE,22
"708",10,100,20,41,16,TRUE,22
"709",3,16,22,41,12,FALSE,22
"710",16,19,8,24,18,FALSE,22
"711",31,53,13,61,12,FALSE,22
"712",21,52,17,61,16,FALSE,22
"713",7,76,55,80,22,TRUE,22
"716",24,97,1,98,1,TRUE,23
"717",15,51,0,98,38,FALSE,23
"718",20,24,3,95,2,FALSE,23
"719",27,87,42,100,15,TRUE,23
"720",6,85,13,91,4,TRUE,23
"721",30,34,73,98,2,FALSE,23
"722",25,83,48,100,53,TRUE,23
"723",4,51,4,90,4,FALSE,23
"724",11,99,14,98,10,TRUE,23
"725",1,51,84,99,18,FALSE,23
"726",22,57,60,98,4,TRUE,23
"727",7,98,14,98,4,TRUE,23
"728",21,98,66,98,12,TRUE,23
"729",23,52,30,99,20,TRUE,23
"730",28,68,4,41,0,TRUE,23
"731",5,97,86,99,5,TRUE,23
"732",12,46,64,100,10,FALSE,23
"733",16,69,12,57,3,FALSE,23
"734",14,88,49,99,1,TRUE,23
"735",13,93,79,99,33,TRUE,23
"736",2,33,30,63,3,FALSE,23
"737",31,68,79,100,24,TRUE,23
"738",18,90,16,98,2,TRUE,23
"739",3,84,17,99,2,TRUE,23
"740",26,19,0,43,0,FALSE,23
"741",17,43,1,34,1,FALSE,23
"742",10,98,2,39,2,TRUE,23
"743",29,88,61,81,24,TRUE,23
"744",8,84,0,46,1,TRUE,23
"745",9,38,50,81,2,FALSE,23
"746",19,57,7,44,5,FALSE,23
"747",2,68,10,90,14,TRUE,24
"748",26,33,9,26,5,FALSE,24
"749",5,52,12,85,51,TRUE,24
"750",28,10,9,34,7,FALSE,24
"751",14,60,12,74,19,TRUE,24
"752",3,3,22,71,22,FALSE,24
"753",9,12,18,64,21,FALSE,24
"754",4,16,23,37,16,FALSE,24
"755",6,12,14,37,23,FALSE,24
"756",18,52,44,62,23,TRUE,24
"757",24,91,33,76,24,TRUE,24
"758",31,83,93,81,47,TRUE,24
"759",29,83,52,80,36,TRUE,24
"760",8,51,15,64,16,TRUE,24
"761",30,89,84,65,45,TRUE,24
"762",15,26,23,74,24,FALSE,24
"763",22,21,36,21,23,FALSE,24
"764",23,12,16,65,27,FALSE,24
"765",17,36,67,67,28,FALSE,24
"766",21,69,44,76,23,TRUE,24
"767",1,99,75,99,69,TRUE,24
"768",27,36,54,63,57,FALSE,24
"769",7,15,56,39,42,FALSE,24
"770",10,17,42,45,51,FALSE,24
"771",20,48,40,24,19,FALSE,24
"772",12,94,57,79,45,TRUE,24
"773",19,42,33,67,32,FALSE,24
"774",11,98,63,79,26,TRUE,24
"775",16,75,50,62,26,TRUE,24
"776",25,52,46,75,54,FALSE,24
"777",13,11,52,60,37,FALSE,24
"778",29,63,24,91,8,FALSE,25
"779",6,35,5,93,6,FALSE,25
"780",11,76,5,83,8,TRUE,25
"781",22,86,6,84,2,TRUE,25
"782",9,70,5,79,3,TRUE,25
"783",3,25,2,91,3,FALSE,25
"784",7,78,3,73,2,TRUE,25
"785",1,94,3,89,3,TRUE,25
"786",14,78,17,88,3,TRUE,25
"787",17,10,4,84,3,FALSE,25
"788",24,66,2,63,3,TRUE,25
"789",4,62,2,62,0,TRUE,25
"790",5,16,1,84,1,FALSE,25
"791",16,57,2,76,0,TRUE,25
"792",2,75,2,93,1,TRUE,25
"793",15,89,1,92,1,TRUE,25
"794",28,81,2,80,2,TRUE,25
"795",10,69,1,73,1,TRUE,25
"796",13,93,1,90,6,TRUE,25
"797",25,89,1,95,9,TRUE,25
"798",31,95,23,82,8,TRUE,25
"799",21,92,1,94,2,TRUE,25
"800",12,82,1,74,1,TRUE,25
"801",26,58,0,55,2,FALSE,25
"802",18,86,3,75,2,TRUE,25
"803",8,74,1,74,2,TRUE,25
"804",27,59,2,80,2,TRUE,25
"805",19,93,2,91,1,TRUE,25
"806",20,42,0,59,2,FALSE,25
"807",30,89,55,87,4,TRUE,25
"808",23,82,3,88,2,TRUE,25
"809",22,32,20,21,14,FALSE,26
"810",2,93,65,70,49,TRUE,26
"811",5,74,83,92,40,TRUE,26
"812",21,98,60,88,64,TRUE,26
"813",4,26,76,74,69,FALSE,26
"814",3,56,71,74,34,TRUE,26
"815",18,85,43,72,70,TRUE,26
"816",23,93,79,82,47,TRUE,26
"817",27,27,70,99,62,FALSE,26
"818",1,91,89,97,80,TRUE,26
"819",13,86,58,72,33,FALSE,26
"820",10,80,63,84,73,TRUE,26
"821",25,68,67,88,56,TRUE,26
"822",28,59,73,66,38,TRUE,26
"823",24,29,59,63,20,FALSE,26
"824",29,73,34,77,43,TRUE,26
"825",15,96,75,98,44,TRUE,26
"826",11,9,51,72,29,FALSE,26
"827",8,96,29,62,28,TRUE,26
"828",16,86,39,75,64,TRUE,26
"829",20,18,60,80,57,FALSE,26
"830",7,89,48,88,39,TRUE,26
"831",6,85,33,95,21,FALSE,26
"832",9,77,52,82,71,TRUE,26
"833",31,69,42,66,26,TRUE,26
"834",12,76,47,70,33,TRUE,26
"835",19,12,65,69,65,FALSE,26
"836",30,70,48,70,31,TRUE,26
"837",26,78,34,55,12,TRUE,26
"838",17,83,77,80,38,TRUE,26
"839",14,23,40,82,16,FALSE,26
"840",19,48,1,93,9,FALSE,27
"841",29,61,10,92,10,FALSE,27
"842",27,34,35,87,45,FALSE,27
"843",6,59,39,88,59,TRUE,27
"844",16,81,16,73,16,TRUE,27
"845",13,73,8,95,11,TRUE,27
"846",17,66,4,92,22,TRUE,27
"847",30,43,7,85,16,FALSE,27
"848",11,53,9,96,18,TRUE,27
"849",5,77,14,84,18,TRUE,27
"850",21,89,46,96,39,TRUE,27
"851",24,74,6,89,21,TRUE,27
"852",7,50,8,91,13,TRUE,27
"853",18,65,18,94,15,TRUE,27
"854",15,70,47,95,42,TRUE,27
"855",25,85,69,89,45,TRUE,27
"856",3,53,9,77,9,FALSE,27
"857",26,83,12,84,9,TRUE,27
"858",2,47,14,80,24,FALSE,27
"859",4,35,4,73,9,FALSE,27
"860",31,52,8,79,10,FALSE,27
"861",10,56,4,78,6,FALSE,27
"862",23,58,15,86,8,FALSE,27
"863",9,59,11,78,8,FALSE,27
"864",12,67,19,89,8,TRUE,27
"865",28,51,19,92,18,FALSE,27
"866",1,59,10,83,21,TRUE,27
"867",8,73,6,84,11,TRUE,27
"868",14,51,10,80,6,FALSE,27
"869",20,49,11,87,14,FALSE,27
"870",22,74,12,87,22,TRUE,27
"871",5,21,2,66,51,FALSE,28
"872",30,24,18,58,52,FALSE,28
"873",15,83,40,65,31,TRUE,28
"874",13,73,47,82,40,TRUE,28
"875",18,37,16,73,23,FALSE,28
"876",19,55,17,70,21,TRUE,28
"877",31,55,26,75,17,TRUE,28
"878",4,63,36,73,26,TRUE,28
"879",11,57,28,68,39,TRUE,28
"880",1,77,50,74,44,TRUE,28
"881",6,57,40,76,34,TRUE,28
"882",2,80,41,73,47,TRUE,28
"883",26,59,33,82,29,TRUE,28
"884",10,38,13,80,14,TRUE,28
"885",28,95,37,82,34,TRUE,28
"886",23,48,40,92,32,TRUE,28
"887",20,39,14,81,4,TRUE,28
"888",12,82,28,87,22,TRUE,28
"889",21,62,29,78,18,TRUE,28
"890",22,55,47,88,41,TRUE,28
"891",3,59,8,91,8,TRUE,28
"892",16,52,22,93,31,TRUE,28
"893",27,81,39,84,29,TRUE,28
"894",25,100,32,85,31,TRUE,28
"895",8,57,12,92,27,TRUE,28
"896",14,38,7,91,6,TRUE,28
"897",9,55,12,87,11,TRUE,28
"898",7,38,9,87,18,FALSE,28
"899",17,43,13,84,16,FALSE,28
"900",24,60,3,92,4,TRUE,28
"901",29,30,16,73,15,FALSE,28
"902",10,32,10,59,43,FALSE,29
"903",29,10,60,78,77,FALSE,29
"904",25,41,61,82,92,FALSE,29
"905",2,27,59,89,79,FALSE,29
"906",5,61,67,89,94,TRUE,29
"907",31,37,57,83,93,FALSE,29
"908",22,94,67,74,93,TRUE,29
"909",11,39,64,67,96,FALSE,29
"910",20,60,67,70,95,TRUE,29
"911",1,97,77,65,95,TRUE,29
"912",18,82,80,70,96,TRUE,29
"913",21,92,86,82,94,TRUE,29
"914",23,59,67,67,96,FALSE,29
"915",24,78,66,83,93,TRUE,29
"916",26,83,68,77,95,TRUE,29
"917",28,70,72,79,96,FALSE,29
"918",15,42,57,67,95,FALSE,29
"919",6,89,79,81,96,TRUE,29
"920",4,18,43,12,81,FALSE,29
"921",27,18,64,72,95,FALSE,29
"922",14,56,40,60,81,TRUE,29
"923",16,62,28,29,88,TRUE,29
"924",13,92,73,59,94,TRUE,29
"925",30,60,62,61,96,TRUE,29
"926",9,65,34,42,89,TRUE,29
"927",8,83,59,63,94,TRUE,29
"928",3,69,50,39,96,TRUE,29
"929",19,25,43,37,94,FALSE,29
"930",7,74,15,38,72,TRUE,29
"931",12,33,28,41,90,FALSE,29
"932",17,87,69,70,96,TRUE,29
"933",13,98,2,58,17,TRUE,30
"934",27,20,0,79,68,FALSE,30
"935",17,81,2,68,53,TRUE,30
"936",25,90,0,69,59,TRUE,30
"937",15,19,1,48,12,FALSE,30
"938",19,47,0,45,11,TRUE,30
"939",28,63,1,22,21,TRUE,30
"940",1,49,2,60,12,TRUE,30
"941",20,80,2,32,10,TRUE,30
"942",21,92,2,34,18,TRUE,30
"943",22,87,2,19,18,TRUE,30
"944",11,86,0,25,8,TRUE,30
"945",4,45,1,6,8,TRUE,30
"946",14,47,2,19,14,TRUE,30
"947",7,51,0,9,11,TRUE,30
"948",31,47,1,32,19,TRUE,30
"949",23,29,1,23,17,TRUE,30
"950",30,71,1,18,16,TRUE,30
"951",10,67,2,10,10,TRUE,30
"952",6,86,1,45,5,TRUE,30
"953",16,50,0,43,14,TRUE,30
"954",29,77,1,29,6,TRUE,30
"955",3,77,0,47,9,TRUE,30
"956",24,52,1,10,5,TRUE,30
"957",26,99,0,6,1,TRUE,30
"958",2,47,2,24,7,FALSE,30
"959",12,18,1,7,1,TRUE,30
"960",18,47,2,35,18,TRUE,30
"961",8,67,1,6,4,TRUE,30
"962",9,71,1,55,9,TRUE,30
"963",5,62,2,25,3,TRUE,30
"964",26,48,26,99,50,FALSE,31
"965",4,41,5,87,24,FALSE,31
"966",20,79,10,99,8,FALSE,31
"967",11,92,7,89,9,FALSE,31
"968",14,93,25,85,18,TRUE,31
"969",17,99,86,99,75,TRUE,31
"970",25,15,77,83,49,FALSE,31
"971",6,15,14,77,16,FALSE,31
"972",27,98,56,96,29,FALSE,31
"973",21,98,53,98,16,TRUE,31
"974",15,96,3,94,5,TRUE,31
"975",8,52,2,49,15,FALSE,31
"976",7,89,24,96,32,TRUE,31
"977",30,83,8,98,3,FALSE,31
"978",19,91,66,64,52,TRUE,31
"979",22,60,31,85,27,TRUE,31
"980",31,75,55,98,45,FALSE,31
"981",3,99,48,99,18,TRUE,31
"982",5,68,13,98,2,FALSE,31
"983",24,60,10,15,8,FALSE,31
"984",28,51,5,98,3,FALSE,31
"985",18,67,12,97,8,FALSE,31
"986",13,99,100,98,29,TRUE,31
"987",10,94,2,50,4,TRUE,31
"988",2,98,1,99,9,TRUE,31
"989",29,56,4,79,8,FALSE,31
"990",16,36,3,50,4,FALSE,31
"991",1,98,55,98,24,TRUE,31
"992",23,14,7,76,6,FALSE,31
"993",12,65,20,96,10,FALSE,31
"994",9,18,8,84,1,FALSE,31
"995",12,37,23,81,52,FALSE,32
"996",15,88,69,96,48,TRUE,32
"997",3,23,43,85,51,FALSE,32
"998",31,95,59,97,54,TRUE,32
"999",28,25,52,79,54,FALSE,32
"1000",10,4,56,54,46,FALSE,32
"1001",25,44,49,87,44,TRUE,32
"1002",16,44,51,58,68,FALSE,32
"1003",13,73,65,85,47,TRUE,32
"1004",20,9,57,89,53,FALSE,32
"1005",5,95,95,92,84,TRUE,32
"1006",9,4,68,80,69,FALSE,32
"1007",11,81,73,96,73,TRUE,32
"1008",30,47,62,68,72,FALSE,32
"1009",8,74,64,89,60,TRUE,32
"1010",6,92,77,84,83,TRUE,32
"1011",4,4,53,70,48,FALSE,32
"1012",21,50,61,78,65,TRUE,32
"1013",18,6,40,94,50,FALSE,32
"1014",1,93,88,96,89,TRUE,32
"1015",26,47,50,63,47,FALSE,32
"1016",19,93,82,92,85,TRUE,32
"1017",27,98,91,98,93,TRUE,32
"1018",23,61,69,87,84,TRUE,32
"1019",7,91,82,93,79,TRUE,32
"1020",22,90,83,84,83,TRUE,32
"1021",24,94,85,88,87,TRUE,32
"1022",14,76,69,62,70,FALSE,32
"1023",29,81,90,91,77,TRUE,32
"1024",17,86,84,88,80,TRUE,32
"1025",2,94,92,89,86,TRUE,32
"1026",24,80,3,93,9,TRUE,33
"1027",21,98,21,99,51,TRUE,33
"1028",23,16,71,99,77,FALSE,33
"1029",13,100,100,100,51,TRUE,33
"1030",1,92,97,100,98,TRUE,33
"1031",28,6,48,89,42,FALSE,33
"1032",26,20,5,60,31,FALSE,33
"1033",19,47,5,76,48,FALSE,33
"1034",4,10,7,49,8,FALSE,33
"1035",10,13,10,71,32,FALSE,33
"1036",27,96,94,97,49,TRUE,33
"1037",3,48,11,94,55,FALSE,33
"1038",31,46,99,98,48,TRUE,33
"1039",22,62,10,7,1,FALSE,33
"1040",11,12,3,58,3,FALSE,33
"1041",17,98,15,46,11,TRUE,33
"1042",29,36,9,81,18,FALSE,33
"1043",6,29,61,100,64,FALSE,33
"1044",8,100,8,86,50,TRUE,33
"1045",7,53,13,80,49,FALSE,33
"1046",12,9,18,74,44,FALSE,33
"1047",20,86,16,99,79,TRUE,33
"1048",16,44,14,57,15,FALSE,33
"1049",14,95,13,58,10,TRUE,33
"1050",2,98,55,91,44,TRUE,33
"1051",18,99,82,98,75,TRUE,33
"1052",15,100,13,97,7,TRUE,33
"1053",9,31,2,55,5,FALSE,33
"1054",30,45,96,98,52,FALSE,33
"1055",5,98,8,96,16,TRUE,33
"1056",25,99,25,97,18,TRUE,33
"1057",19,62,19,41,34,FALSE,34
"1058",17,53,28,41,26,FALSE,34
"1059",21,35,50,56,44,FALSE,34
"1060",29,42,58,71,56,FALSE,34
"1061",18,56,46,36,50,FALSE,34
"1062",20,55,63,64,36,FALSE,34
"1063",25,9,29,33,33,FALSE,34
"1064",11,64,52,49,51,FALSE,34
"1065",9,31,50,57,37,FALSE,34
"1066",2,22,34,35,40,FALSE,34
"1067",12,34,37,23,31,FALSE,34
"1068",7,39,49,54,25,FALSE,34
"1069",3,62,36,35,37,FALSE,34
"1070",31,30,64,41,42,FALSE,34
"1071",5,42,56,42,44,FALSE,34
"1072",16,41,53,19,37,FALSE,34
"1073",26,66,47,41,59,TRUE,34
"1074",23,37,41,50,25,TRUE,34
"1075",14,48,68,44,45,FALSE,34
"1076",15,45,23,22,20,TRUE,34
"1077",6,48,30,28,30,FALSE,34
"1078",1,35,20,20,21,FALSE,34
"1079",30,32,25,32,25,TRUE,34
"1080",28,48,33,21,19,FALSE,34
"1081",4,27,20,20,28,FALSE,34
"1082",24,29,28,19,28,TRUE,34
"1083",10,37,30,28,27,FALSE,34
"1084",27,40,29,37,28,FALSE,34
"1085",8,50,31,39,42,FALSE,34
"1086",13,45,26,27,28,FALSE,34
"1087",22,44,29,36,40,FALSE,34
"1088",5,69,3,97,2,TRUE,35
"1089",16,90,5,94,5,TRUE,35
"1090",26,50,1,86,1,TRUE,35
"1091",27,98,2,98,4,TRUE,35
"1092",31,96,3,90,5,TRUE,35
"1093",23,97,3,100,3,TRUE,35
"1094",7,43,3,47,6,FALSE,35
"1095",18,53,3,95,8,FALSE,35
"1096",6,35,3,88,10,FALSE,35
"1097",20,68,0,92,2,TRUE,35
"1098",22,97,5,97,6,TRUE,35
"1099",1,96,4,98,4,TRUE,35
"1100",30,95,5,94,8,TRUE,35
"1101",2,16,0,98,8,FALSE,35
"1102",29,89,1,97,4,TRUE,35
"1103",10,11,1,91,6,FALSE,35
"1104",28,2,5,89,6,FALSE,35
"1105",19,48,1,93,6,FALSE,35
"1106",8,94,6,84,8,TRUE,35
"1107",11,93,5,92,4,TRUE,35
"1108",15,23,6,86,8,FALSE,35
"1109",24,92,11,83,14,TRUE,35
"1110",3,14,8,93,13,FALSE,35
"1111",4,25,11,86,5,FALSE,35
"1112",17,24,4,89,9,FALSE,35
"1113",13,94,5,92,3,TRUE,35
"1114",14,42,6,87,8,FALSE,35
"1115",25,61,2,89,15,TRUE,35
"1116",21,54,7,79,9,FALSE,35
"1117",12,88,10,79,17,TRUE,35
"1118",9,89,8,84,6,TRUE,35
"1119",15,31,50,81,72,FALSE,36
"1120",8,44,30,48,38,FALSE,36
"1121",12,87,79,89,80,TRUE,36
"1122",24,83,59,50,48,TRUE,36
"1123",9,47,61,49,63,FALSE,36
"1124",6,67,48,72,46,TRUE,36
"1125",30,33,57,42,52,FALSE,36
"1126",17,94,83,87,77,TRUE,36
"1127",14,82,50,61,45,TRUE,36
"1128",26,51,32,37,22,TRUE,36
"1129",28,28,42,57,38,FALSE,36
"1130",31,64,39,54,32,TRUE,36
"1131",20,54,42,60,33,TRUE,36
"1132",2,82,49,57,46,TRUE,36
"1133",7,42,47,47,41,TRUE,36
"1134",22,64,42,58,35,TRUE,36
"1135",29,46,46,49,28,TRUE,36
"1136",3,33,38,61,36,FALSE,36
"1137",21,36,39,60,36,TRUE,36
"1138",23,49,42,54,42,TRUE,36
"1139",25,79,55,76,53,TRUE,36
"1140",18,95,52,83,43,TRUE,36
"1141",11,35,37,54,28,FALSE,36
"1142",1,35,51,74,46,FALSE,36
"1143",10,61,48,79,43,TRUE,36
"1144",13,84,68,82,51,TRUE,36
"1145",27,71,62,82,56,TRUE,36
"1146",19,54,46,54,45,TRUE,36
"1147",4,30,15,27,30,FALSE,36
"1148",5,72,40,64,45,TRUE,36
"1149",16,41,40,58,30,FALSE,36
"1150",5,95,68,92,50,TRUE,37
"1151",9,6,85,92,10,FALSE,37
"1152",8,26,77,91,7,FALSE,37
"1153",16,11,95,91,5,FALSE,37
"1154",17,44,95,85,9,TRUE,37
"1155",1,4,96,97,7,FALSE,37
"1156",15,91,93,97,5,TRUE,37
"1157",14,90,51,96,3,TRUE,37
"1158",30,95,96,95,17,TRUE,37
"1159",11,96,95,96,16,TRUE,37
"1160",12,52,93,93,87,FALSE,37
"1161",28,91,95,92,54,TRUE,37
"1162",22,98,99,95,47,TRUE,37
"1163",7,48,95,95,46,FALSE,37
"1164",29,59,96,97,50,FALSE,37
"1165",24,80,93,93,39,TRUE,37
"1166",4,95,97,97,46,TRUE,37
"1167",31,98,97,97,50,TRUE,37
"1168",6,96,96,89,46,TRUE,37
"1169",2,94,94,95,47,TRUE,37
"1170",18,85,92,98,57,FALSE,37
"1171",25,98,96,94,55,TRUE,37
"1172",19,98,94,95,47,TRUE,37
"1173",26,61,92,99,50,FALSE,37
"1174",27,99,99,97,51,TRUE,37
"1175",21,99,98,95,56,TRUE,37
"1176",23,97,96,96,44,TRUE,37
"1177",10,53,98,97,43,FALSE,37
"1178",20,70,98,100,49,FALSE,37
"1179",13,72,98,99,45,FALSE,37
"1180",3,86,99,95,45,FALSE,37
"1181",26,55,11,29,13,TRUE,38
"1182",10,15,23,21,14,FALSE,38
"1183",28,28,18,19,13,FALSE,38
"1184",22,98,61,62,48,TRUE,38
"1185",4,53,16,21,15,TRUE,38
"1186",6,36,41,25,26,TRUE,38
"1187",29,27,53,43,43,TRUE,38
"1188",12,77,56,60,42,TRUE,38
"1189",30,55,43,43,37,TRUE,38
"1190",16,27,29,36,50,FALSE,38
"1191",18,49,31,61,49,TRUE,38
"1192",23,39,38,49,39,TRUE,38
"1193",19,80,47,53,30,TRUE,38
"1194",21,73,63,58,79,TRUE,38
"1195",13,50,55,54,48,TRUE,38
"1196",14,39,26,25,45,TRUE,38
"1197",27,71,71,74,75,TRUE,38
"1198",3,20,28,22,18,FALSE,38
"1199",5,57,61,51,53,TRUE,38
"1200",17,36,37,36,64,FALSE,38
"1201",2,40,48,61,49,TRUE,38
"1202",20,48,53,43,41,TRUE,38
"1203",25,42,58,52,47,TRUE,38
"1204",9,61,64,46,40,TRUE,38
"1205",15,40,35,21,31,FALSE,38
"1206",24,33,26,34,24,FALSE,38
"1207",11,50,49,57,44,TRUE,38
"1208",31,71,61,69,60,TRUE,38
"1209",1,57,54,48,44,TRUE,38
"1210",8,64,36,41,32,FALSE,38
"1211",7,66,53,60,45,TRUE,38
"1212",2,60,14,81,16,TRUE,39
"1213",19,33,37,62,24,FALSE,39
"1214",14,50,24,14,14,TRUE,39
"1215",10,72,24,67,15,TRUE,39
"1216",8,38,27,45,22,FALSE,39
"1217",16,62,14,34,31,TRUE,39
"1218",23,47,75,23,56,FALSE,39
"1219",12,0,18,50,10,FALSE,39
"1220",22,50,25,49,15,FALSE,39
"1221",13,67,29,55,21,FALSE,39
"1222",9,20,25,36,14,FALSE,39
"1223",1,51,10,52,11,TRUE,39
"1224",29,58,27,58,18,TRUE,39
"1225",18,69,24,62,19,TRUE,39
"1226",20,43,20,65,21,FALSE,39
"1227",7,18,16,47,33,FALSE,39
"1228",3,40,19,28,10,FALSE,39
"1229",27,63,24,80,18,TRUE,39
"1230",17,30,25,31,15,FALSE,39
"1231",28,25,20,35,19,FALSE,39
"1232",30,50,14,20,14,FALSE,39
"1233",15,77,14,38,15,TRUE,39
"1234",5,80,14,65,11,TRUE,39
"1235",11,59,29,23,16,TRUE,39
"1236",26,27,15,15,18,FALSE,39
"1237",25,29,23,20,14,FALSE,39
"1238",31,98,31,85,62,TRUE,39
"1239",21,15,29,26,16,FALSE,39
"1240",4,46,23,14,10,FALSE,39
"1241",6,22,38,44,38,FALSE,39
"1242",24,82,33,10,17,TRUE,39
"1243",24,84,1,34,1,TRUE,40
"1244",2,1,29,48,12,FALSE,40
"1245",30,74,84,80,27,TRUE,40
"1246",14,99,10,89,0,TRUE,40
"1247",18,3,3,81,8,FALSE,40
"1248",1,11,1,49,7,FALSE,40
"1249",27,5,1,13,1,FALSE,40
"1250",23,69,75,95,45,TRUE,40
"1251",19,4,0,54,2,FALSE,40
"1252",11,79,5,94,37,TRUE,40
"1253",5,86,2,91,3,TRUE,40
"1254",17,87,26,84,50,TRUE,40
"1255",20,56,2,9,2,FALSE,40
"1256",4,28,3,52,2,FALSE,40
"1257",6,86,6,86,1,TRUE,40
"1258",29,75,84,98,57,TRUE,40
"1259",8,67,1,49,2,TRUE,40
"1260",13,98,98,98,83,TRUE,40
"1261",21,16,1,44,1,FALSE,40
"1262",7,51,10,49,1,FALSE,40
"1263",26,25,14,61,5,FALSE,40
"1264",25,99,88,100,75,TRUE,40
"1265",16,39,15,16,3,FALSE,40
"1266",31,98,100,99,47,TRUE,40
"1267",22,97,79,84,50,TRUE,40
"1268",15,81,15,81,1,FALSE,40
"1269",3,91,0,88,0,TRUE,40
"1270",10,99,40,76,14,TRUE,40
"1271",9,79,44,85,33,TRUE,40
"1272",28,99,23,84,4,TRUE,40
"1273",12,78,24,76,8,TRUE,40
"1274",8,46,17,98,2,TRUE,41
"1275",1,89,100,96,87,TRUE,41
"1276",6,51,89,99,63,FALSE,41
"1277",7,98,93,95,94,TRUE,41
"1278",12,11,90,98,70,FALSE,41
"1279",4,64,72,84,73,TRUE,41
"1280",31,99,100,100,97,TRUE,41
"1281",3,78,85,99,45,TRUE,41
"1282",21,99,96,97,100,TRUE,41
"1283",17,98,97,100,67,TRUE,41
"1284",22,100,86,96,77,TRUE,41
"1285",23,92,87,84,86,TRUE,41
"1286",26,98,99,98,89,TRUE,41
"1287",5,72,64,76,61,TRUE,41
"1288",24,76,75,91,76,TRUE,41
"1289",11,84,77,78,63,TRUE,41
"1290",19,93,88,100,95,TRUE,41
"1291",27,98,99,99,94,TRUE,41
"1292",15,70,75,79,67,FALSE,41
"1293",9,51,50,77,24,FALSE,41
"1294",13,53,53,68,56,FALSE,41
"1295",25,63,57,56,50,TRUE,41
"1296",28,69,60,64,51,TRUE,41
"1297",20,1,52,56,54,FALSE,41
"1298",18,49,47,46,45,FALSE,41
"1299",14,49,48,47,51,FALSE,41
"1300",29,50,50,48,45,FALSE,41
"1301",2,53,57,58,50,FALSE,41
"1302",16,72,63,85,45,TRUE,41
"1303",30,67,59,61,55,FALSE,41
"1304",10,53,53,53,44,FALSE,41
"1305",8,60,0,81,70,TRUE,42
"1306",31,100,89,100,73,TRUE,42
"1307",1,100,51,100,82,TRUE,42
"1308",19,100,0,100,51,TRUE,42
"1309",14,100,21,100,74,TRUE,42
"1310",27,100,100,100,100,TRUE,42
"1311",25,100,100,100,100,TRUE,42
"1312",6,100,12,100,56,TRUE,42
"1313",15,100,64,100,54,TRUE,42
"1314",12,100,57,100,56,TRUE,42
"1315",20,100,11,100,11,TRUE,42
"1316",24,22,2,84,8,FALSE,42
"1317",16,100,19,95,44,TRUE,42
"1318",23,99,49,100,40,TRUE,42
"1319",13,100,90,100,74,TRUE,42
"1320",5,100,54,100,57,TRUE,42
"1321",18,100,83,100,58,TRUE,42
"1322",11,100,6,100,6,TRUE,42
"1323",3,97,58,100,51,TRUE,42
"1324",9,6,12,91,53,FALSE,42
"1325",28,100,49,89,44,TRUE,42
"1326",26,97,5,79,2,TRUE,42
"1327",7,69,15,53,17,FALSE,42
"1328",22,99,48,97,45,TRUE,42
"1329",30,99,50,82,45,TRUE,42
"1330",21,97,48,87,45,TRUE,42
"1331",17,100,51,99,48,TRUE,42
"1332",2,97,26,93,45,TRUE,42
"1333",29,5,49,95,43,FALSE,42
"1334",4,98,27,73,29,TRUE,42
"1335",10,97,13,88,30,TRUE,42
"1336",22,53,12,59,37,FALSE,43
"1337",9,39,54,53,6,FALSE,43
"1338",29,75,9,82,10,TRUE,43
"1339",6,50,55,88,32,FALSE,43
"1340",31,79,8,94,6,TRUE,43
"1341",30,12,6,49,7,FALSE,43
"1342",23,53,8,65,6,FALSE,43
"1343",7,68,4,53,15,TRUE,43
"1344",10,55,6,50,19,FALSE,43
"1345",8,42,4,61,9,FALSE,43
"1346",14,62,3,63,3,TRUE,43
"1347",4,53,5,40,17,FALSE,43
"1348",5,62,4,54,8,TRUE,43
"1349",16,45,3,65,19,FALSE,43
"1350",2,24,63,86,34,FALSE,43
"1351",25,52,3,77,9,FALSE,43
"1352",20,37,18,67,20,FALSE,43
"1353",17,53,3,71,31,TRUE,43
"1354",27,54,15,85,27,FALSE,43
"1355",19,52,42,67,31,TRUE,43
"1356",3,17,3,73,18,FALSE,43
"1357",11,50,1,53,7,TRUE,43
"1358",28,22,2,41,8,FALSE,43
"1359",1,88,11,89,29,TRUE,43
"1360",15,57,9,91,36,TRUE,43
"1361",13,95,2,95,49,TRUE,43
"1362",26,39,0,29,5,FALSE,43
"1363",21,18,3,74,16,FALSE,43
"1364",24,38,3,51,4,FALSE,43
"1365",18,73,2,61,16,TRUE,43
"1366",12,51,1,58,9,FALSE,43
"1367",25,27,2,36,16,FALSE,44
"1368",17,86,2,27,1,TRUE,44
"1369",24,45,1,28,2,TRUE,44
"1370",23,40,3,43,3,TRUE,44
"1371",16,25,3,7,1,TRUE,44
"1372",5,22,1,17,1,FALSE,44
"1373",27,54,29,55,1,TRUE,44
"1374",8,20,0,30,4,FALSE,44
"1375",22,29,3,14,0,TRUE,44
"1376",26,73,2,44,1,TRUE,44
"1377",29,16,3,28,1,FALSE,44
"1378",9,5,1,4,1,FALSE,44
"1379",4,3,1,11,3,FALSE,44
"1380",13,19,1,18,2,TRUE,44
"1381",20,23,1,33,2,TRUE,44
"1382",6,21,4,26,5,FALSE,44
"1383",7,44,1,36,4,TRUE,44
"1384",28,18,2,16,7,TRUE,44
"1385",21,20,2,35,11,FALSE,44
"1386",19,40,1,24,1,TRUE,44
"1387",12,30,1,33,14,TRUE,44
"1388",31,26,4,35,8,TRUE,44
"1389",14,13,7,24,4,FALSE,44
"1390",10,26,3,21,4,TRUE,44
"1391",18,38,10,3,6,TRUE,44
"1392",11,22,2,16,1,TRUE,44
"1393",2,12,4,12,2,FALSE,44
"1394",15,32,3,23,7,TRUE,44
"1395",30,15,5,24,2,FALSE,44
"1396",3,14,4,27,3,TRUE,44
"1397",1,44,2,49,3,TRUE,44
"1398",28,73,2,89,7,TRUE,45
"1399",24,98,3,81,0,TRUE,45
"1400",21,96,44,88,53,TRUE,45
"1401",17,97,77,98,90,TRUE,45
"1402",11,83,65,84,56,TRUE,45
"1403",26,4,41,65,3,FALSE,45
"1404",19,100,75,100,73,TRUE,45
"1405",10,94,22,75,13,TRUE,45
"1406",1,10,37,75,40,FALSE,45
"1407",14,8,31,61,7,FALSE,45
"1408",18,19,35,69,5,FALSE,45
"1409",23,52,74,77,50,FALSE,45
"1410",27,98,83,96,54,TRUE,45
"1411",25,97,83,93,70,TRUE,45
"1412",22,90,88,74,81,TRUE,45
"1413",13,93,51,93,52,TRUE,45
"1414",4,68,61,53,46,TRUE,45
"1415",7,40,47,71,21,FALSE,45
"1416",9,38,8,58,5,FALSE,45
"1417",6,69,52,51,33,FALSE,45
"1418",16,46,49,34,27,FALSE,45
"1419",29,66,37,24,21,TRUE,45
"1420",12,86,48,43,31,TRUE,45
"1421",15,45,42,26,36,TRUE,45
"1422",2,39,38,27,15,TRUE,45
"1423",5,42,32,28,27,TRUE,45
"1424",3,62,45,59,46,TRUE,45
"1425",31,50,50,42,22,TRUE,45
"1426",8,52,45,39,34,TRUE,45
"1427",20,65,56,64,40,TRUE,45
"1428",30,62,47,44,50,TRUE,45
"1429",27,62,55,57,44,TRUE,46
"1430",22,68,62,61,53,TRUE,46
"1431",2,59,45,57,48,FALSE,46
"1432",29,49,54,55,43,FALSE,46
"1433",11,52,56,59,49,TRUE,46
"1434",15,64,49,47,54,TRUE,46
"1435",26,48,54,49,56,TRUE,46
"1436",3,61,47,51,47,FALSE,46
"1437",4,60,44,47,37,FALSE,46
"1438",5,46,52,58,40,TRUE,46
"1439",14,47,51,40,51,TRUE,46
"1440",6,51,46,42,51,FALSE,46
"1441",12,53,64,45,50,TRUE,46
"1442",10,60,55,61,48,TRUE,46
"1443",8,45,53,52,56,FALSE,46
"1444",17,49,45,53,42,TRUE,46
"1445",1,75,66,56,52,TRUE,46
"1446",28,57,57,55,43,TRUE,46
"1447",21,71,53,56,48,TRUE,46
"1448",30,55,46,54,44,FALSE,46
"1449",25,47,36,47,49,TRUE,46
"1450",7,57,63,53,44,FALSE,46
"1451",24,57,56,49,45,TRUE,46
"1452",9,56,51,63,50,FALSE,46
"1453",23,52,47,55,46,TRUE,46
"1454",18,49,48,44,54,FALSE,46
"1455",31,47,45,56,43,TRUE,46
"1456",16,65,54,60,45,TRUE,46
"1457",20,60,52,49,40,FALSE,46
"1458",13,73,54,46,45,TRUE,46
"1459",19,52,54,52,51,FALSE,46
"1460",14,2,2,98,2,FALSE,47
"1461",8,44,1,69,3,TRUE,47
"1462",16,18,1,84,1,FALSE,47
"1463",1,49,82,88,3,FALSE,47
"1464",15,67,2,83,2,TRUE,47
"1465",19,72,61,100,1,TRUE,47
"1466",28,60,1,1,1,TRUE,47
"1467",20,22,0,94,2,FALSE,47
"1468",24,96,3,86,2,TRUE,47
"1469",13,70,1,100,2,TRUE,47
"1470",3,55,1,75,2,FALSE,47
"1471",25,74,99,100,27,TRUE,47
"1472",23,24,55,99,2,FALSE,47
"1473",2,26,23,100,0,FALSE,47
"1474",5,3,1,70,1,FALSE,47
"1475",22,65,95,98,2,TRUE,47
"1476",31,75,95,100,1,TRUE,47
"1477",7,83,1,82,1,TRUE,47
"1478",26,37,2,44,1,FALSE,47
"1479",11,63,1,84,1,TRUE,47
"1480",6,95,22,78,1,TRUE,47
"1481",18,74,2,99,4,TRUE,47
"1482",27,99,74,100,5,TRUE,47
"1483",30,99,83,95,1,TRUE,47
"1484",12,97,1,73,1,TRUE,47
"1485",4,99,1,79,0,TRUE,47
"1486",29,89,43,87,73,TRUE,47
"1487",17,92,27,97,0,TRUE,47
"1488",9,40,2,58,1,FALSE,47
"1489",21,94,1,95,2,TRUE,47
"1490",10,87,1,63,4,TRUE,47
"1491",2,49,78,99,71,TRUE,48
"1492",17,99,93,99,72,TRUE,48
"1493",14,59,70,93,58,FALSE,48
"1494",29,72,69,80,58,FALSE,48
"1495",15,68,72,84,70,FALSE,48
"1496",11,89,79,98,73,TRUE,48
"1497",22,95,97,99,98,TRUE,48
"1498",3,99,94,99,81,TRUE,48
"1499",8,99,87,99,79,TRUE,48
"1500",7,53,67,87,76,FALSE,48
"1501",18,49,87,95,82,FALSE,48
"1502",13,98,91,99,84,TRUE,48
"1503",10,94,91,97,80,TRUE,48
"1504",12,98,93,95,85,TRUE,48
"1505",28,80,87,96,93,TRUE,48
"1506",16,65,85,98,85,FALSE,48
"1507",21,99,95,99,95,TRUE,48
"1508",27,100,97,98,97,TRUE,48
"1509",1,99,95,98,88,TRUE,48
"1510",4,98,96,100,98,TRUE,48
"1511",30,96,100,98,94,TRUE,48
"1512",31,84,95,97,97,FALSE,48
"1513",19,97,73,96,99,TRUE,48
"1514",26,98,100,98,99,TRUE,48
"1515",25,61,98,94,97,FALSE,48
"1516",24,100,83,89,92,TRUE,48
"1517",9,62,95,93,92,FALSE,48
"1518",5,61,97,98,99,FALSE,48
"1519",20,95,84,94,87,TRUE,48
"1520",6,96,95,94,94,TRUE,48
"1521",23,51,98,99,100,FALSE,48
"1522",10,100,99,98,46,TRUE,49
"1523",19,99,97,96,98,TRUE,49
"1524",6,49,32,99,17,TRUE,49
"1525",5,1,1,99,2,FALSE,49
"1526",30,98,76,98,2,TRUE,49
"1527",8,99,0,98,21,TRUE,49
"1528",21,44,3,100,53,FALSE,49
"1529",20,74,99,98,64,TRUE,49
"1530",2,53,97,97,98,FALSE,49
"1531",17,90,98,99,52,TRUE,49
"1532",24,2,0,98,2,FALSE,49
"1533",13,97,100,99,97,TRUE,49
"1534",1,99,1,98,98,TRUE,49
"1535",12,1,100,98,97,FALSE,49
"1536",28,98,1,98,16,TRUE,49
"1537",4,64,97,97,67,TRUE,49
"1538",31,98,3,98,67,TRUE,49
"1539",3,99,98,98,98,TRUE,49
"1540",16,19,2,96,3,FALSE,49
"1541",11,61,50,45,37,TRUE,49
"1542",7,79,2,98,22,TRUE,49
"1543",26,67,3,31,29,TRUE,49
"1544",14,54,53,96,60,FALSE,49
"1545",27,75,99,98,99,TRUE,49
"1546",18,63,8,98,95,TRUE,49
"1547",22,26,1,100,98,TRUE,49
"1548",23,1,0,97,98,FALSE,49
"1549",29,2,2,98,2,FALSE,49
"1550",25,97,54,99,98,TRUE,49
"1551",15,18,2,97,1,FALSE,49
"1552",9,99,98,99,98,TRUE,49
"1553",31,73,0,66,13,FALSE,50
"1554",17,97,29,74,67,TRUE,50
"1555",7,68,0,64,28,TRUE,50
"1556",8,81,0,69,9,TRUE,50
"1557",6,38,2,64,13,FALSE,50
"1558",20,47,2,81,4,FALSE,50
"1559",29,32,1,67,10,FALSE,50
"1560",14,9,2,23,2,FALSE,50
"1561",25,72,1,50,6,FALSE,50
"1562",13,55,5,54,11,FALSE,50
"1563",22,84,2,38,4,TRUE,50
"1564",12,54,1,31,2,FALSE,50
"1565",2,55,0,47,6,FALSE,50
"1566",21,19,2,28,3,FALSE,50
"1567",9,27,0,23,0,FALSE,50
"1568",26,2,1,0,1,FALSE,50
"1569",3,62,0,19,2,FALSE,50
"1570",10,55,1,7,1,FALSE,50
"1571",16,16,0,17,0,FALSE,50
"1572",15,14,1,47,3,FALSE,50
"1573",24,3,1,19,3,FALSE,50
"1574",5,16,1,19,1,FALSE,50
"1575",27,91,1,87,5,TRUE,50
"1576",18,43,2,17,1,FALSE,50
"1577",19,71,1,24,1,TRUE,50
"1578",30,18,0,23,1,FALSE,50
"1579",1,41,1,16,1,FALSE,50
"1580",11,19,2,5,1,FALSE,50
"1581",28,29,1,16,3,FALSE,50
"1582",23,30,1,25,4,FALSE,50
"1583",4,11,2,8,1,FALSE,50
"1584",3,92,44,99,54,TRUE,51
"1585",25,31,49,48,60,FALSE,51
"1586",4,42,56,73,64,FALSE,51
"1587",2,82,66,81,64,TRUE,51
"1588",31,50,47,81,56,FALSE,51
"1589",30,70,41,69,49,FALSE,51
"1590",16,20,64,66,66,FALSE,51
"1591",21,69,40,34,41,TRUE,51
"1592",13,87,35,88,65,TRUE,51
"1593",9,90,69,74,66,TRUE,51
"1594",10,57,33,81,57,TRUE,51
"1595",6,67,68,75,61,TRUE,51
"1596",27,98,73,91,77,TRUE,51
"1597",15,74,71,87,55,TRUE,51
"1598",5,70,69,87,64,TRUE,51
"1599",7,88,44,88,50,TRUE,51
"1600",20,77,70,75,66,TRUE,51
"1601",1,83,75,80,72,TRUE,51
"1602",28,81,77,87,49,TRUE,51
"1603",11,93,72,74,45,TRUE,51
"1604",14,76,47,82,46,FALSE,51
"1605",19,80,63,69,56,TRUE,51
"1606",8,66,42,80,52,TRUE,51
"1607",17,85,67,77,62,TRUE,51
"1608",29,61,62,78,54,FALSE,51
"1609",24,66,33,70,33,TRUE,51
"1610",23,33,41,76,57,FALSE,51
"1611",26,52,63,40,54,TRUE,51
"1612",12,55,63,89,56,FALSE,51
"1613",18,60,60,71,35,TRUE,51
"1614",22,88,72,94,65,TRUE,51
"1615",28,24,49,63,65,FALSE,52
"1616",7,92,50,39,49,TRUE,52
"1617",12,39,22,41,51,FALSE,52
"1618",4,49,27,47,59,FALSE,52
"1619",10,83,51,66,44,TRUE,52
"1620",18,27,33,37,16,FALSE,52
"1621",11,48,15,49,18,FALSE,52
"1622",6,34,12,64,26,FALSE,52
"1623",16,25,25,44,19,FALSE,52
"1624",20,29,13,47,11,FALSE,52
"1625",22,86,49,47,50,TRUE,52
"1626",8,59,24,64,24,TRUE,52
"1627",17,60,23,46,27,TRUE,52
"1628",30,21,56,70,46,FALSE,52
"1629",5,78,32,78,36,TRUE,52
"1630",13,53,55,70,49,TRUE,52
"1631",29,17,37,76,62,FALSE,52
"1632",2,19,19,79,30,FALSE,52
"1633",9,48,55,64,27,FALSE,52
"1634",14,47,82,80,78,FALSE,52
"1635",25,29,74,67,55,FALSE,52
"1636",1,92,100,98,65,TRUE,52
"1637",23,62,81,73,70,TRUE,52
"1638",19,49,22,41,23,FALSE,52
"1639",21,39,26,49,39,FALSE,52
"1640",31,66,98,77,92,TRUE,52
"1641",24,85,87,75,83,TRUE,52
"1642",27,50,76,85,61,FALSE,52
"1643",3,53,31,52,26,FALSE,52
"1644",26,97,77,78,78,TRUE,52
"1645",15,37,69,58,30,FALSE,52
"1646",30,68,43,82,26,TRUE,53
"1647",11,99,42,54,28,TRUE,53
"1648",29,27,27,72,9,FALSE,53
"1649",20,52,22,54,6,FALSE,53
"1650",28,41,24,66,11,FALSE,53
"1651",24,12,9,48,1,FALSE,53
"1652",14,48,11,70,6,TRUE,53
"1653",12,31,12,51,0,FALSE,53
"1654",31,14,15,47,12,FALSE,53
"1655",4,27,19,43,5,FALSE,53
"1656",6,17,16,27,4,FALSE,53
"1657",16,24,9,42,3,FALSE,53
"1658",1,47,15,46,4,TRUE,53
"1659",7,78,16,72,6,TRUE,53
"1660",21,86,31,76,10,TRUE,53
"1661",5,31,16,51,12,FALSE,53
"1662",22,48,14,42,4,FALSE,53
"1663",3,26,17,48,13,FALSE,53
"1664",13,79,17,45,15,TRUE,53
"1665",25,31,17,57,4,FALSE,53
"1666",17,45,8,46,5,FALSE,53
"1667",19,44,27,42,0,FALSE,53
"1668",9,51,20,45,6,FALSE,53
"1669",26,82,3,33,1,TRUE,53
"1670",8,38,10,43,3,FALSE,53
"1671",15,45,25,43,20,FALSE,53
"1672",23,30,14,41,6,FALSE,53
"1673",10,46,17,42,14,TRUE,53
"1674",27,42,24,40,18,FALSE,53
"1675",2,69,20,39,8,TRUE,53
"1676",18,59,15,37,5,TRUE,53
"1677",11,98,2,40,23,TRUE,54
"1678",16,47,14,98,3,FALSE,54
"1679",12,82,25,86,17,TRUE,54
"1680",23,2,22,98,14,FALSE,54
"1681",18,98,14,66,15,TRUE,54
"1682",28,48,25,91,11,FALSE,54
"1683",8,46,14,81,13,FALSE,54
"1684",24,78,16,91,16,TRUE,54
"1685",15,57,19,95,26,TRUE,54
"1686",26,97,36,96,30,TRUE,54
"1687",27,50,35,93,13,FALSE,54
"1688",1,95,36,95,41,TRUE,54
"1689",4,49,11,98,27,FALSE,54
"1690",17,98,9,89,16,FALSE,54
"1691",2,97,10,99,15,TRUE,54
"1692",22,50,47,83,27,FALSE,54
"1693",19,50,6,88,71,FALSE,54
"1694",5,97,8,96,42,TRUE,54
"1695",6,49,39,97,54,FALSE,54
"1696",30,98,31,93,32,TRUE,54
"1697",31,98,34,99,56,TRUE,54
"1698",29,99,47,98,52,TRUE,54
"1699",20,97,51,97,42,TRUE,54
"1700",9,60,13,81,39,FALSE,54
"1701",13,66,51,93,54,TRUE,54
"1702",10,96,11,64,37,TRUE,54
"1703",14,82,14,81,19,TRUE,54
"1704",25,98,48,97,64,TRUE,54
"1705",21,99,37,87,53,TRUE,54
"1706",3,64,34,50,15,FALSE,54
"1707",7,51,30,82,40,FALSE,54
"1708",26,30,2,99,1,FALSE,55
"1709",23,29,0,98,20,FALSE,55
"1710",9,53,5,76,2,FALSE,55
"1711",25,82,86,99,92,TRUE,55
"1712",10,78,2,70,5,TRUE,55
"1713",31,99,97,99,99,TRUE,55
"1714",5,99,10,99,9,TRUE,55
"1715",3,88,17,92,24,TRUE,55
"1716",19,4,2,88,29,FALSE,55
"1717",11,99,1,85,42,TRUE,55
"1718",22,95,3,78,9,TRUE,55
"1719",27,27,80,95,78,FALSE,55
"1720",20,55,37,85,21,FALSE,55
"1721",15,90,79,95,91,TRUE,55
"1722",29,95,88,94,75,TRUE,55
"1723",30,99,86,96,82,TRUE,55
"1724",14,91,69,86,76,TRUE,55
"1725",1,87,83,87,81,TRUE,55
"1726",6,83,83,84,69,TRUE,55
"1727",8,89,28,75,45,TRUE,55
"1728",24,96,91,95,81,TRUE,55
"1729",2,84,73,82,57,TRUE,55
"1730",13,93,98,96,99,TRUE,55
"1731",17,99,97,93,98,TRUE,55
"1732",28,70,64,90,61,FALSE,55
"1733",21,94,63,96,83,TRUE,55
"1734",12,56,9,84,21,FALSE,55
"1735",16,3,2,87,1,FALSE,55
"1736",18,84,82,86,66,TRUE,55
"1737",7,96,23,64,30,TRUE,55
"1738",4,78,8,71,11,TRUE,55
"1739",10,75,50,54,59,TRUE,56
"1740",31,34,47,64,39,FALSE,56
"1741",30,83,37,64,52,TRUE,56
"1742",8,66,43,64,70,TRUE,56
"1743",27,71,33,35,33,FALSE,56
"1744",1,59,63,83,66,TRUE,56
"1745",23,80,51,65,51,TRUE,56
"1746",4,70,44,62,37,FALSE,56
"1747",11,71,45,54,40,FALSE,56
"1748",7,63,37,76,56,TRUE,56
"1749",14,84,52,64,63,TRUE,56
"1750",25,84,49,59,48,FALSE,56
"1751",22,64,54,62,70,TRUE,56
"1752",2,54,66,57,62,TRUE,56
"1753",20,42,33,29,26,FALSE,56
"1754",26,58,30,59,59,TRUE,56
"1755",29,75,49,69,65,TRUE,56
"1756",13,63,34,49,48,TRUE,56
"1757",18,82,63,62,54,TRUE,56
"1758",12,30,16,61,20,FALSE,56
"1759",24,78,75,73,49,TRUE,56
"1760",28,82,64,65,62,TRUE,56
"1761",15,70,30,70,43,FALSE,56
"1762",6,51,36,59,38,FALSE,56
"1763",9,57,51,57,52,TRUE,56
"1764",16,84,72,69,69,TRUE,56
"1765",19,18,42,57,36,FALSE,56
"1766",21,81,71,81,56,TRUE,56
"1767",3,81,54,75,52,TRUE,56
"1768",5,38,25,32,29,FALSE,56
"1769",17,69,55,65,60,TRUE,56
"1770",13,22,66,66,44,FALSE,57
"1771",16,39,19,67,14,FALSE,57
"1772",5,12,61,65,71,FALSE,57
"1773",24,7,67,71,33,FALSE,57
"1774",8,16,10,64,3,FALSE,57
"1775",9,40,16,56,16,FALSE,57
"1776",4,4,3,42,4,FALSE,57
"1777",30,52,9,64,6,FALSE,57
"1778",11,77,65,74,22,TRUE,57
"1779",23,68,23,77,64,TRUE,57
"1780",25,77,32,81,50,TRUE,57
"1781",19,61,3,37,5,FALSE,57
"1782",18,63,25,62,19,TRUE,57
"1783",27,32,69,82,60,FALSE,57
"1784",14,83,14,53,11,TRUE,57
"1785",29,65,36,64,35,TRUE,57
"1786",3,35,7,25,6,FALSE,57
"1787",22,68,8,57,5,TRUE,57
"1788",28,21,68,79,29,FALSE,57
"1789",6,84,12,62,34,TRUE,57
"1790",7,77,8,59,6,TRUE,57
"1791",2,88,9,61,10,TRUE,57
"1792",10,15,10,60,28,FALSE,57
"1793",12,80,47,74,50,TRUE,57
"1794",26,78,12,20,5,TRUE,57
"1795",21,100,64,83,72,TRUE,57
"1796",20,32,3,60,1,FALSE,57
"1797",31,73,24,64,20,TRUE,57
"1798",17,83,24,52,7,TRUE,57
"1799",1,22,17,63,6,FALSE,57
"1800",15,33,7,62,7,FALSE,57
"1801",3,51,5,30,9,TRUE,58
"1802",8,24,20,47,14,FALSE,58
"1803",24,93,50,64,23,TRUE,58
"1804",6,53,64,72,46,TRUE,58
"1805",1,16,13,47,34,FALSE,58
"1806",22,79,52,72,39,TRUE,58
"1807",2,1,48,80,58,FALSE,58
"1808",13,2,79,82,69,FALSE,58
"1809",7,98,56,78,42,TRUE,58
"1810",29,61,26,48,15,FALSE,58
"1811",15,11,29,32,13,FALSE,58
"1812",21,56,68,92,63,FALSE,58
"1813",9,14,95,92,73,FALSE,58
"1814",14,38,4,24,7,FALSE,58
"1815",4,3,22,7,23,FALSE,58
"1816",25,52,88,92,84,FALSE,58
"1817",12,70,31,51,20,TRUE,58
"1818",26,20,49,52,43,FALSE,58
"1819",5,97,74,88,82,TRUE,58
"1820",16,54,9,21,9,TRUE,58
"1821",31,90,66,89,60,TRUE,58
"1822",28,17,14,10,10,FALSE,58
"1823",17,98,97,98,99,TRUE,58
"1824",11,97,49,95,43,TRUE,58
"1825",10,83,19,63,49,TRUE,58
"1826",18,83,27,85,14,TRUE,58
"1827",27,0,93,92,99,FALSE,58
"1828",20,98,23,97,20,TRUE,58
"1829",19,31,48,66,40,FALSE,58
"1830",23,69,66,94,67,FALSE,58
"1831",30,33,6,8,6,FALSE,58
"1832",30,67,93,99,67,FALSE,59
"1833",22,96,97,100,80,TRUE,59
"1834",21,78,4,89,10,TRUE,59
"1835",20,100,1,48,6,TRUE,59
"1836",3,7,23,66,4,FALSE,59
"1837",15,5,93,100,24,FALSE,59
"1838",10,5,4,12,6,FALSE,59
"1839",17,28,23,80,17,TRUE,59
"1840",28,73,12,67,5,TRUE,59
"1841",18,77,8,14,10,TRUE,59
"1842",27,29,80,100,26,FALSE,59
"1843",2,7,13,52,13,FALSE,59
"1844",6,47,6,26,7,FALSE,59
"1845",29,76,26,86,27,TRUE,59
"1846",23,52,56,93,24,FALSE,59
"1847",8,100,7,7,7,TRUE,59
"1848",12,89,17,39,16,TRUE,59
"1849",31,92,15,20,11,TRUE,59
"1850",25,78,7,33,10,TRUE,59
"1851",19,95,6,14,4,TRUE,59
"1852",24,5,6,7,5,FALSE,59
"1853",16,82,14,32,23,TRUE,59
"1854",26,57,7,7,9,FALSE,59
"1855",1,93,58,100,43,TRUE,59
"1856",7,94,7,8,5,TRUE,59
"1857",9,14,10,13,5,FALSE,59
"1858",13,87,51,93,50,TRUE,59
"1859",4,100,5,7,5,TRUE,59
"1860",14,8,6,7,8,FALSE,59
"1861",11,96,7,6,10,TRUE,59
"1862",5,96,12,10,11,TRUE,59
"1863",12,31,57,75,57,FALSE,60
"1864",22,52,37,36,38,FALSE,60
"1865",1,75,72,76,59,TRUE,60
"1866",3,47,40,40,53,FALSE,60
"1867",2,29,30,45,40,FALSE,60
"1868",28,33,57,52,53,FALSE,60
"1869",4,58,41,51,46,TRUE,60
"1870",16,32,62,63,51,FALSE,60
"1871",21,38,50,55,50,FALSE,60
"1872",23,65,38,55,27,TRUE,60
"1873",31,56,63,50,50,TRUE,60
"1874",15,50,39,48,28,FALSE,60
"1875",11,36,39,39,36,FALSE,60
"1876",14,69,47,48,52,TRUE,60
"1877",8,49,35,37,26,FALSE,60
"1878",29,50,34,39,44,FALSE,60
"1879",27,36,36,59,39,FALSE,60
"1880",30,24,51,25,41,FALSE,60
"1881",13,32,34,40,28,FALSE,60
"1882",17,34,33,48,45,FALSE,60
"1883",5,43,36,28,40,FALSE,60
"1884",6,74,42,47,46,TRUE,60
"1885",20,26,31,43,26,FALSE,60
"1886",25,41,41,50,49,FALSE,60
"1887",19,65,41,49,39,TRUE,60
"1888",10,69,39,32,35,TRUE,60
"1889",26,47,33,26,30,FALSE,60
"1890",24,36,40,36,40,FALSE,60
"1891",9,44,42,47,48,FALSE,60
"1892",18,27,45,31,40,FALSE,60
"1893",7,61,36,43,42,TRUE,60
"1924",21,46,21,84,44,FALSE,62
"1925",13,93,94,97,99,TRUE,62
"1926",27,54,84,89,68,FALSE,62
"1927",2,94,91,93,97,TRUE,62
"1928",30,85,84,83,85,TRUE,62
"1929",15,81,69,98,75,FALSE,62
"1930",20,78,80,68,76,FALSE,62
"1931",16,95,89,89,81,TRUE,62
"1932",24,75,62,86,49,FALSE,62
"1933",8,72,68,91,65,TRUE,62
"1934",26,96,94,96,89,TRUE,62
"1935",10,91,78,86,76,TRUE,62
"1936",5,77,74,80,71,TRUE,62
"1937",12,96,98,97,98,TRUE,62
"1938",17,100,97,99,98,TRUE,62
"1939",6,94,85,92,76,TRUE,62
"1940",14,61,57,75,49,TRUE,62
"1941",1,72,60,72,53,FALSE,62
"1942",31,81,78,85,61,TRUE,62
"1943",11,89,85,84,79,TRUE,62
"1944",25,79,63,65,56,FALSE,62
"1945",29,66,75,72,60,TRUE,62
"1946",9,92,80,89,74,TRUE,62
"1947",22,80,69,78,53,TRUE,62
"1948",4,60,58,82,34,FALSE,62
"1949",28,64,77,86,62,TRUE,62
"1950",19,65,70,65,55,TRUE,62
"1951",3,41,55,76,45,TRUE,62
"1952",23,93,80,81,50,TRUE,62
"1953",18,69,45,55,40,FALSE,62
"1954",7,74,79,71,60,FALSE,62
"1955",25,96,94,84,68,TRUE,63
"1956",27,75,82,82,71,TRUE,63
"1957",26,74,81,39,54,FALSE,63
"1958",9,22,22,74,26,FALSE,63
"1959",21,76,92,73,38,TRUE,63
"1960",31,62,88,70,54,FALSE,63
"1961",6,68,83,77,72,TRUE,63
"1962",14,41,45,69,27,TRUE,63
"1963",15,74,54,66,64,TRUE,63
"1964",11,87,69,32,51,FALSE,63
"1965",3,95,85,90,82,TRUE,63
"1966",13,91,87,90,74,FALSE,63
"1967",1,85,65,75,63,FALSE,63
"1968",12,81,70,54,68,FALSE,63
"1969",19,99,96,79,77,TRUE,63
"1970",20,92,68,58,75,TRUE,63
"1971",29,96,91,100,99,TRUE,63
"1972",16,88,78,79,65,FALSE,63
"1973",23,86,55,57,72,FALSE,63
"1974",22,75,52,79,70,FALSE,63
"1975",10,91,66,72,63,FALSE,63
"1976",18,64,67,77,68,TRUE,63
"1977",28,94,64,77,65,FALSE,63
"1978",30,98,94,52,56,TRUE,63
"1979",5,93,93,76,71,TRUE,63
"1980",8,88,64,60,45,TRUE,63
"1981",7,73,56,64,73,FALSE,63
"1982",24,71,86,67,66,TRUE,63
"1983",4,92,22,12,14,TRUE,63
"1984",17,19,28,37,40,FALSE,63
"1985",2,58,74,24,35,TRUE,63
"1986",12,63,15,55,29,TRUE,64
"1987",11,25,33,30,24,FALSE,64
"1988",13,80,82,80,67,TRUE,64
"1989",8,74,31,32,14,TRUE,64
"1990",24,83,43,50,66,TRUE,64
"1991",29,11,38,23,30,FALSE,64
"1992",14,13,26,27,25,FALSE,64
"1993",20,3,22,21,18,FALSE,64
"1994",10,82,61,73,31,TRUE,64
"1995",21,9,44,45,28,FALSE,64
"1996",3,67,34,50,38,TRUE,64
"1997",17,77,33,81,23,TRUE,64
"1998",19,15,20,41,21,FALSE,64
"1999",27,75,49,37,49,FALSE,64
"2000",4,30,20,32,35,FALSE,64
"2001",16,26,33,30,21,FALSE,64
"2002",15,46,17,77,66,TRUE,64
"2003",7,31,26,46,18,FALSE,64
"2004",18,61,67,59,42,TRUE,64
"2005",2,87,65,69,66,TRUE,64
"2006",25,49,54,56,44,TRUE,64
"2007",9,18,21,25,15,FALSE,64
"2008",1,76,46,71,59,TRUE,64
"2009",26,80,53,59,61,TRUE,64
"2010",22,66,49,49,43,TRUE,64
"2011",5,29,25,32,31,FALSE,64
"2012",31,61,33,55,25,TRUE,64
"2013",30,32,29,41,37,FALSE,64
"2014",6,6,23,66,45,FALSE,64
"2015",23,25,31,22,39,FALSE,64
"2016",28,80,54,63,39,FALSE,64
"2017",29,100,0,100,28,TRUE,65
"2018",17,100,0,100,75,TRUE,65
"2019",30,38,0,32,0,FALSE,65
"2020",24,100,0,84,16,TRUE,65
"2021",22,100,0,100,35,TRUE,65
"2022",19,100,0,100,27,TRUE,65
"2023",31,100,38,100,72,TRUE,65
"2024",4,0,0,1,0,FALSE,65
"2025",9,100,0,80,16,TRUE,65
"2026",1,100,0,100,41,TRUE,65
"2027",18,22,0,59,0,FALSE,65
"2028",10,16,0,100,0,FALSE,65
"2029",15,0,24,100,50,FALSE,65
"2030",13,51,0,100,63,FALSE,65
"2031",21,0,0,100,68,FALSE,65
"2032",16,0,2,100,67,FALSE,65
"2033",12,24,1,100,66,FALSE,65
"2034",25,84,45,100,50,TRUE,65
"2035",6,94,0,100,38,TRUE,65
"2036",20,100,0,77,0,TRUE,65
"2037",28,54,0,93,29,FALSE,65
"2038",8,100,0,40,0,TRUE,65
"2039",2,78,1,100,61,TRUE,65
"2040",5,31,1,90,36,FALSE,65
"2041",11,100,86,100,100,TRUE,65
"2042",3,100,0,93,32,TRUE,65
"2043",26,89,0,23,0,TRUE,65
"2044",23,0,0,30,0,FALSE,65
"2045",7,100,0,100,14,TRUE,65
"2046",14,100,1,72,1,TRUE,65
"2047",27,100,0,18,0,TRUE,65
"2048",3,69,1,100,2,TRUE,66
"2049",19,64,0,100,0,TRUE,66
"2050",10,76,0,99,0,TRUE,66
"2051",23,22,0,100,0,FALSE,66
"2052",2,47,2,100,1,FALSE,66
"2053",15,59,0,100,0,TRUE,66
"2054",20,73,1,100,0,TRUE,66
"2055",1,81,0,100,0,TRUE,66
"2056",28,99,0,100,0,TRUE,66
"2057",9,28,1,100,0,FALSE,66
"2058",25,24,0,100,0,FALSE,66
"2059",8,59,0,100,1,TRUE,66
"2060",16,44,1,100,0,FALSE,66
"2061",21,55,0,100,0,TRUE,66
"2062",29,61,0,99,0,TRUE,66
"2063",31,68,0,100,0,TRUE,66
"2064",17,77,0,100,0,TRUE,66
"2065",5,25,0,100,0,FALSE,66
"2066",4,26,0,100,0,FALSE,66
"2067",11,78,0,100,0,TRUE,66
"2068",13,40,0,100,0,FALSE,66
"2069",30,76,0,100,1,TRUE,66
"2070",6,71,0,100,0,TRUE,66
"2071",12,63,0,99,0,TRUE,66
"2072",22,41,0,100,1,FALSE,66
"2073",14,39,0,100,0,FALSE,66
"2074",26,69,1,99,1,TRUE,66
"2075",27,98,0,99,0,TRUE,66
"2076",24,68,0,100,0,TRUE,66
"2077",18,63,0,98,1,TRUE,66
"2078",7,56,2,100,1,TRUE,66
"2079",8,95,1,48,16,TRUE,67
"2080",22,98,21,98,5,TRUE,67
"2081",25,1,2,49,14,FALSE,67
"2082",20,0,3,54,0,FALSE,67
"2083",1,49,43,97,72,FALSE,67
"2084",17,1,24,48,19,FALSE,67
"2085",29,50,11,52,31,FALSE,67
"2086",27,1,39,99,48,FALSE,67
"2087",13,49,23,96,38,FALSE,67
"2088",16,53,2,87,21,TRUE,67
"2089",10,99,34,97,24,TRUE,67
"2090",19,33,23,93,27,FALSE,67
"2091",9,99,25,84,36,TRUE,67
"2092",31,35,99,99,55,TRUE,67
"2093",5,53,16,93,2,FALSE,67
"2094",12,87,11,91,14,TRUE,67
"2095",28,53,9,95,5,FALSE,67
"2096",11,98,11,81,18,TRUE,67
"2097",6,89,2,80,5,TRUE,67
"2098",7,45,12,77,9,FALSE,67
"2099",3,88,10,92,14,TRUE,67
"2100",24,46,5,49,4,FALSE,67
"2101",15,98,66,98,56,TRUE,67
"2102",4,96,2,92,6,TRUE,67
"2103",18,35,70,97,48,FALSE,67
"2104",26,85,9,91,18,TRUE,67
"2105",23,99,51,99,51,TRUE,67
"2106",2,95,28,95,32,TRUE,67
"2107",14,97,42,96,47,TRUE,67
"2108",30,61,99,98,54,TRUE,67
"2109",21,61,8,92,51,FALSE,67
"2110",31,86,96,98,70,TRUE,68
"2111",28,72,42,92,46,TRUE,68
"2112",3,51,78,100,73,FALSE,68
"2113",25,96,97,98,96,TRUE,68
"2114",22,86,94,96,69,FALSE,68
"2115",14,98,86,93,73,TRUE,68
"2116",30,97,95,95,78,TRUE,68
"2117",23,15,69,70,39,FALSE,68
"2118",21,56,47,80,38,TRUE,68
"2119",16,69,63,78,49,FALSE,68
"2120",10,90,46,72,44,TRUE,68
"2121",9,59,49,71,39,FALSE,68
"2122",1,96,97,98,92,TRUE,68
"2123",27,87,85,85,56,TRUE,68
"2124",19,49,46,48,38,FALSE,68
"2125",2,90,84,90,81,TRUE,68
"2126",26,62,46,51,38,FALSE,68
"2127",17,10,8,57,24,FALSE,68
"2128",8,9,12,38,15,FALSE,68
"2129",24,81,72,77,38,TRUE,68
"2130",7,91,84,67,58,TRUE,68
"2131",13,98,95,100,82,TRUE,68
"2132",20,96,89,85,61,TRUE,68
"2133",12,91,62,86,57,TRUE,68
"2134",29,72,65,62,41,FALSE,68
"2135",4,90,58,86,55,TRUE,68
"2136",5,94,65,90,52,TRUE,68
"2137",18,51,65,81,38,FALSE,68
"2138",6,63,42,67,63,FALSE,68
"2139",11,68,40,53,46,FALSE,68
"2140",15,97,65,70,42,TRUE,68
"2176",27,91,88,98,86,TRUE,69
"2177",5,41,47,60,31,FALSE,69
"2178",29,44,32,80,30,TRUE,69
"2179",30,21,79,70,28,TRUE,69
"2180",4,7,8,8,8,FALSE,69
"2181",1,34,79,80,78,FALSE,69
"2182",26,77,81,25,43,TRUE,69
"2183",25,98,100,80,44,TRUE,69
"2184",22,62,60,71,23,TRUE,69
"2185",9,12,17,8,17,FALSE,69
"2186",20,76,31,32,29,FALSE,69
"2187",18,84,43,41,29,TRUE,69
"2188",7,92,81,82,84,TRUE,69
"2189",28,89,83,31,79,TRUE,69
"2190",14,93,85,85,85,TRUE,69
"2191",21,85,46,40,29,TRUE,69
"2192",23,25,17,57,43,FALSE,69
"2193",24,95,73,80,69,TRUE,69
"2194",13,20,87,57,86,FALSE,69
"2195",11,35,34,60,33,FALSE,69
"2196",8,61,61,60,59,FALSE,69
"2197",31,69,66,84,62,TRUE,69
"2198",10,95,81,81,44,TRUE,69
"2199",6,90,86,75,55,TRUE,69
"2200",19,11,21,41,24,FALSE,69
"2201",2,40,18,77,43,FALSE,69
"2202",16,12,69,77,49,FALSE,69
"2203",3,8,59,77,66,FALSE,69
"2204",17,36,27,48,35,FALSE,69
"2205",12,30,86,86,74,FALSE,69
"2206",15,93,77,84,80,TRUE,69
"2207",2,22,34,80,32,FALSE,70
"2208",17,36,5,37,27,FALSE,70
"2209",18,29,6,59,37,FALSE,70
"2210",15,73,47,84,58,TRUE,70
"2211",25,63,14,79,43,FALSE,70
"2212",26,33,1,36,20,FALSE,70
"2213",31,69,8,72,30,TRUE,70
"2214",8,62,1,37,0,FALSE,70
"2215",22,80,1,58,15,TRUE,70
"2216",28,30,1,55,24,FALSE,70
"2217",23,76,1,79,17,TRUE,70
"2218",29,23,1,69,11,FALSE,70
"2219",14,73,0,57,1,TRUE,70
"2220",27,61,85,98,82,TRUE,70
"2221",4,26,0,42,5,FALSE,70
"2222",11,88,1,81,43,TRUE,70
"2223",30,37,1,64,22,FALSE,70
"2224",12,72,0,58,16,TRUE,70
"2225",24,71,1,69,2,TRUE,70
"2226",5,27,1,53,0,FALSE,70
"2227",13,85,0,66,7,TRUE,70
"2228",9,82,1,84,9,TRUE,70
"2229",20,20,0,40,5,FALSE,70
"2230",7,60,0,35,0,TRUE,70
"2231",1,54,1,90,68,TRUE,70
"2232",6,65,78,100,72,TRUE,70
"2233",19,31,1,40,11,FALSE,70
"2234",16,26,1,33,7,FALSE,70
"2235",21,73,1,66,15,TRUE,70
"2236",10,50,0,26,1,FALSE,70
"2237",3,63,0,31,0,TRUE,70
"2238",27,61,10,76,36,FALSE,71
"2239",18,58,6,76,48,FALSE,71
"2240",1,75,74,92,74,TRUE,71
"2241",6,100,86,100,67,TRUE,71
"2242",30,73,42,75,46,TRUE,71
"2243",19,100,52,84,46,TRUE,71
"2244",28,74,44,89,53,TRUE,71
"2245",7,57,47,80,48,FALSE,71
"2246",3,74,46,95,52,TRUE,71
"2247",23,48,56,92,55,FALSE,71
"2248",22,85,50,84,47,TRUE,71
"2249",24,99,52,57,41,TRUE,71
"2250",2,91,49,76,46,TRUE,71
"2251",5,47,51,85,51,FALSE,71
"2252",13,87,52,82,47,TRUE,71
"2253",11,49,56,74,55,FALSE,71
"2254",12,74,51,82,48,TRUE,71
"2255",25,49,51,81,48,FALSE,71
"2256",31,99,52,83,45,TRUE,71
"2257",21,83,53,86,50,TRUE,71
"2258",16,95,50,93,44,TRUE,71
"2259",8,51,50,90,48,FALSE,71
"2260",14,54,48,87,52,FALSE,71
"2261",10,59,53,78,44,FALSE,71
"2262",9,49,53,59,43,FALSE,71
"2263",26,63,48,58,48,TRUE,71
"2264",20,62,48,60,43,TRUE,71
"2265",17,59,58,48,54,FALSE,71
"2266",4,54,53,59,49,TRUE,71
"2267",15,63,52,58,42,FALSE,71
"2268",29,56,54,50,49,FALSE,71
"2269",19,0,53,80,73,FALSE,72
"2270",25,83,100,100,64,TRUE,72
"2271",23,92,96,97,63,TRUE,72
"2272",8,63,56,69,51,TRUE,72
"2273",30,74,68,83,57,FALSE,72
"2274",9,61,52,77,65,FALSE,72
"2275",14,85,67,86,67,TRUE,72
"2276",12,89,82,94,71,TRUE,72
"2277",17,97,93,97,89,TRUE,72
"2278",7,86,71,98,73,TRUE,72
"2279",5,75,75,70,74,TRUE,72
"2280",28,63,59,96,72,FALSE,72
"2281",3,72,70,97,78,TRUE,72
"2282",6,82,81,75,73,TRUE,72
"2283",1,91,86,97,81,TRUE,72
"2284",22,82,77,85,80,TRUE,72
"2285",27,97,97,98,96,TRUE,72
"2286",4,70,78,78,74,FALSE,72
"2287",21,68,58,98,73,FALSE,72
"2288",24,97,83,97,99,TRUE,72
"2289",10,77,64,71,69,FALSE,72
"2290",18,94,94,99,94,TRUE,72
"2291",13,98,99,98,98,TRUE,72
"2292",20,94,86,77,84,TRUE,72
"2293",15,70,73,100,79,FALSE,72
"2294",11,100,98,100,82,TRUE,72
"2295",2,98,97,100,69,TRUE,72
"2296",26,89,86,79,70,TRUE,72
"2297",29,94,95,97,95,TRUE,72
"2298",16,85,78,83,78,TRUE,72
"2299",31,97,97,96,83,TRUE,72
"2300",15,19,12,62,20,FALSE,73
"2301",25,76,45,57,27,FALSE,73
"2302",13,92,50,74,15,TRUE,73
"2303",11,33,8,54,10,FALSE,73
"2304",21,46,32,29,9,FALSE,73
"2305",14,64,18,59,7,FALSE,73
"2306",6,34,60,77,35,FALSE,73
"2307",7,87,21,76,5,TRUE,73
"2308",17,87,28,61,8,TRUE,73
"2309",4,23,11,17,4,FALSE,73
"2310",22,69,16,11,15,TRUE,73
"2311",30,50,56,63,22,FALSE,73
"2312",26,81,16,18,7,TRUE,73
"2313",28,64,14,52,12,FALSE,73
"2314",23,92,12,43,16,TRUE,73
"2315",1,11,44,49,26,FALSE,73
"2316",3,67,11,24,11,FALSE,73
"2317",9,70,17,32,10,FALSE,73
"2318",5,83,14,49,7,FALSE,73
"2319",27,63,32,88,10,FALSE,73
"2320",19,14,26,80,9,FALSE,73
"2321",2,75,27,65,12,TRUE,73
"2322",18,19,12,74,6,FALSE,73
"2323",20,75,20,70,11,TRUE,73
"2324",31,93,91,90,13,TRUE,73
"2325",16,16,10,58,10,FALSE,73
"2326",12,8,9,51,5,FALSE,73
"2327",8,69,16,47,8,TRUE,73
"2328",24,45,11,89,7,FALSE,73
"2329",10,9,16,27,10,FALSE,73
"2330",29,84,61,51,17,TRUE,73
"2331",18,96,8,11,5,TRUE,74
"2332",15,96,86,82,43,TRUE,74
"2333",13,93,95,89,38,TRUE,74
"2334",28,96,85,92,22,TRUE,74
"2335",16,2,57,74,10,TRUE,74
"2336",20,97,37,92,66,TRUE,74
"2337",7,91,57,75,70,TRUE,74
"2338",9,3,92,50,53,FALSE,74
"2339",30,92,85,62,59,TRUE,74
"2340",5,0,85,56,70,FALSE,74
"2341",2,91,79,65,56,TRUE,74
"2342",19,87,55,69,64,TRUE,74
"2343",21,94,64,76,69,TRUE,74
"2344",29,97,92,73,66,TRUE,74
"2345",8,96,80,69,80,TRUE,74
"2346",24,0,81,60,38,FALSE,74
"2347",17,93,71,72,70,TRUE,74
"2348",10,93,77,69,71,TRUE,74
"2349",6,98,72,71,70,TRUE,74
"2350",11,0,91,80,51,FALSE,74
"2351",26,0,43,80,1,FALSE,74
"2352",25,76,49,84,72,TRUE,74
"2353",4,60,74,65,48,TRUE,74
"2354",1,16,15,56,41,FALSE,74
"2355",23,1,24,91,41,FALSE,74
"2356",27,78,79,67,54,TRUE,74
"2357",12,14,24,24,18,FALSE,74
"2358",14,70,72,52,36,TRUE,74
"2359",31,82,85,85,79,TRUE,74
"2360",22,84,61,95,54,TRUE,74
"2361",3,5,37,90,74,TRUE,74
"2362",25,2,26,91,14,FALSE,75
"2363",19,99,67,93,93,TRUE,75
"2364",27,0,96,99,99,FALSE,75
"2365",20,17,50,97,78,FALSE,75
"2366",6,48,4,97,99,TRUE,75
"2367",21,29,99,100,100,FALSE,75
"2368",22,49,6,99,2,FALSE,75
"2369",15,97,7,96,3,TRUE,75
"2370",4,75,2,48,6,TRUE,75
"2371",7,99,99,99,60,TRUE,75
"2372",14,55,2,93,9,TRUE,75
"2373",28,73,96,94,95,TRUE,75
"2374",16,30,5,99,2,FALSE,75
"2375",11,98,4,98,3,TRUE,75
"2376",2,99,99,98,96,TRUE,75
"2377",10,7,6,98,4,FALSE,75
"2378",8,98,5,95,4,TRUE,75
"2379",18,77,0,97,2,FALSE,75
"2380",5,99,99,98,99,TRUE,75
"2381",31,98,99,98,38,TRUE,75
"2382",1,70,2,99,6,TRUE,75
"2383",9,4,4,100,3,FALSE,75
"2384",30,11,4,97,3,FALSE,75
"2385",17,96,51,96,97,TRUE,75
"2386",13,98,5,100,4,TRUE,75
"2387",29,8,67,95,65,FALSE,75
"2388",24,79,1,98,2,TRUE,75
"2389",12,54,98,98,4,FALSE,75
"2390",26,5,3,65,6,FALSE,75
"2391",23,5,95,97,93,FALSE,75
"2392",3,94,4,94,0,TRUE,75
"2393",19,0,64,88,42,FALSE,76
"2394",23,95,84,82,69,TRUE,76
"2395",16,78,40,68,43,TRUE,76
"2396",28,92,37,97,29,TRUE,76
"2397",29,0,50,90,30,FALSE,76
"2398",9,0,28,85,47,FALSE,76
"2399",14,94,83,95,70,TRUE,76
"2400",22,89,57,87,47,TRUE,76
"2401",8,91,70,98,67,TRUE,76
"2402",27,96,57,91,63,TRUE,76
"2403",6,95,75,89,67,TRUE,76
"2404",26,0,32,40,52,FALSE,76
"2405",17,93,63,39,61,TRUE,76
"2406",5,100,20,91,72,TRUE,76
"2407",24,93,69,76,51,TRUE,76
"2408",13,100,75,52,72,TRUE,76
"2409",12,3,53,56,59,FALSE,76
"2410",11,92,60,63,57,TRUE,76
"2411",10,97,68,83,72,FALSE,76
"2412",21,93,51,59,82,TRUE,76
"2413",4,94,69,89,80,TRUE,76
"2414",20,97,66,85,72,TRUE,76
"2415",7,98,74,83,71,TRUE,76
"2416",25,87,94,88,73,TRUE,76
"2417",31,1,42,78,61,FALSE,76
"2418",1,85,52,69,69,TRUE,76
"2419",2,5,44,68,9,FALSE,76
"2420",18,3,12,73,6,FALSE,76
"2421",3,84,19,35,15,TRUE,76
"2422",30,84,68,48,52,TRUE,76
"2423",15,95,71,65,64,TRUE,76
"2424",1,88,65,100,71,TRUE,77
"2425",13,94,23,70,32,TRUE,77
"2426",20,48,7,72,30,FALSE,77
"2427",16,21,8,48,20,FALSE,77
"2428",28,50,33,89,52,FALSE,77
"2429",22,34,61,71,52,FALSE,77
"2430",19,58,32,77,52,TRUE,77
"2431",5,76,31,86,50,TRUE,77
"2432",8,70,68,86,62,TRUE,77
"2433",7,93,31,80,57,TRUE,77
"2434",24,48,53,74,51,FALSE,77
"2435",30,33,92,92,76,FALSE,77
"2436",6,55,79,100,80,TRUE,77
"2437",26,62,38,73,45,TRUE,77
"2438",9,51,61,82,60,FALSE,77
"2439",14,69,58,84,66,TRUE,77
"2440",31,91,93,100,86,TRUE,77
"2441",11,32,58,89,58,FALSE,77
"2442",25,75,78,96,67,TRUE,77
"2443",29,95,91,100,85,TRUE,77
"2444",2,100,82,98,80,TRUE,77
"2445",3,64,43,92,49,TRUE,77
"2446",27,99,90,100,88,TRUE,77
"2447",18,80,79,90,76,TRUE,77
"2448",10,92,87,100,71,TRUE,77
"2449",21,80,62,91,63,TRUE,77
"2450",15,82,91,99,90,TRUE,77
"2451",23,64,88,87,61,TRUE,77
"2452",12,38,50,88,70,FALSE,77
"2453",17,77,72,75,75,TRUE,77
"2454",4,41,50,60,59,FALSE,77
"2455",22,58,77,95,34,TRUE,78
"2456",14,16,55,88,21,FALSE,78
"2457",30,26,24,69,0,FALSE,78
"2458",17,96,78,96,14,TRUE,78
"2459",16,0,6,53,1,FALSE,78
"2460",10,68,6,86,5,TRUE,78
"2461",3,22,2,76,6,FALSE,78
"2462",23,97,4,95,1,TRUE,78
"2463",18,3,1,87,4,FALSE,78
"2464",11,2,3,74,3,FALSE,78
"2465",20,73,10,75,6,TRUE,78
"2466",15,3,4,96,6,FALSE,78
"2467",1,97,5,100,1,TRUE,78
"2468",6,71,5,96,3,TRUE,78
"2469",21,87,4,95,5,TRUE,78
"2470",29,94,6,91,3,TRUE,78
"2471",12,1,4,76,2,FALSE,78
"2472",9,2,0,88,1,FALSE,78
"2473",13,88,1,90,4,TRUE,78
"2474",19,68,3,92,0,FALSE,78
"2475",4,1,4,74,3,FALSE,78
"2476",8,7,2,90,8,FALSE,78
"2477",2,83,4,95,4,TRUE,78
"2478",26,81,2,96,5,TRUE,78
"2479",28,93,7,95,6,TRUE,78
"2480",31,3,4,95,1,FALSE,78
"2481",5,2,3,78,2,FALSE,78
"2482",24,92,7,79,5,TRUE,78
"2483",27,39,1,97,5,FALSE,78
"2484",7,95,1,82,3,TRUE,78
"2485",25,4,3,96,6,FALSE,78
"2486",13,78,78,98,98,TRUE,79
"2487",14,5,49,99,83,FALSE,79
"2488",22,99,17,99,98,TRUE,79
"2489",8,65,2,66,3,FALSE,79
"2490",1,99,1,98,99,TRUE,79
"2491",16,1,2,98,98,FALSE,79
"2492",23,98,2,97,99,TRUE,79
"2493",25,1,99,98,99,FALSE,79
"2494",15,10,96,80,5,FALSE,79
"2495",9,99,84,97,52,TRUE,79
"2496",31,97,37,100,86,TRUE,79
"2497",2,98,44,97,99,TRUE,79
"2498",20,72,23,99,99,TRUE,79
"2499",21,98,98,98,97,TRUE,79
"2500",11,98,1,20,34,TRUE,79
"2501",28,2,70,47,25,FALSE,79
"2502",6,99,82,99,97,TRUE,79
"2503",7,1,57,18,3,FALSE,79
"2504",4,98,42,78,76,TRUE,79
"2505",5,1,2,98,77,FALSE,79
"2506",12,98,96,99,97,TRUE,79
"2507",26,98,75,98,98,TRUE,79
"2508",29,100,53,98,98,TRUE,79
"2509",18,3,1,99,98,FALSE,79
"2510",19,2,18,98,98,FALSE,79
"2511",27,98,2,99,99,TRUE,79
"2512",10,97,47,26,2,TRUE,79
"2513",3,99,100,98,98,TRUE,79
"2514",17,0,1,98,99,FALSE,79
"2515",30,98,75,98,98,TRUE,79
"2516",24,2,58,83,18,FALSE,79
"2517",17,75,6,98,60,FALSE,80
"2518",4,2,2,47,16,FALSE,80
"2519",18,99,1,98,27,TRUE,80
"2520",31,98,98,99,55,TRUE,80
"2521",25,21,0,98,66,FALSE,80
"2522",12,13,6,98,40,FALSE,80
"2523",1,1,1,98,97,FALSE,80
"2524",16,3,2,98,53,FALSE,80
"2525",2,93,2,99,70,TRUE,80
"2526",7,98,0,98,72,TRUE,80
"2527",3,18,0,98,76,FALSE,80
"2528",10,2,0,57,94,FALSE,80
"2529",27,13,80,98,87,FALSE,80
"2530",15,1,0,30,91,FALSE,80
"2531",30,2,1,12,82,FALSE,80
"2532",26,1,1,49,64,FALSE,80
"2533",19,1,1,86,62,FALSE,80
"2534",20,38,0,84,11,FALSE,80
"2535",8,78,1,73,19,TRUE,80
"2536",22,97,17,99,61,TRUE,80
"2537",5,99,1,88,74,TRUE,80
"2538",28,3,60,95,69,FALSE,80
"2539",23,99,98,98,97,TRUE,80
"2540",11,98,1,88,59,TRUE,80
"2541",9,97,1,98,85,TRUE,80
"2542",21,98,0,88,85,TRUE,80
"2543",29,16,36,98,55,FALSE,80
"2544",13,3,14,80,29,FALSE,80
"2545",24,99,1,98,79,TRUE,80
"2546",6,49,1,91,43,FALSE,80
"2547",14,21,2,99,77,FALSE,80
"2548",15,4,2,78,1,FALSE,81
"2549",14,45,3,82,1,FALSE,81
"2550",11,12,34,47,3,TRUE,81
"2551",2,58,81,91,9,TRUE,81
"2552",21,3,35,32,26,FALSE,81
"2553",31,39,33,46,24,FALSE,81
"2554",26,72,21,66,12,TRUE,81
"2555",28,42,21,44,32,FALSE,81
"2556",23,87,78,88,48,TRUE,81
"2557",29,3,52,28,50,FALSE,81
"2558",12,38,29,53,18,FALSE,81
"2559",9,42,22,69,23,TRUE,81
"2560",10,47,22,55,13,TRUE,81
"2561",1,55,75,66,67,TRUE,81
"2562",19,69,86,78,24,TRUE,81
"2563",13,95,97,95,33,TRUE,81
"2564",17,48,57,97,36,TRUE,81
"2565",25,31,37,55,22,FALSE,81
"2566",30,66,55,89,37,TRUE,81
"2567",4,25,8,52,11,FALSE,81
"2568",16,5,25,60,21,FALSE,81
"2569",7,96,60,82,44,TRUE,81
"2570",20,30,15,61,28,FALSE,81
"2571",5,51,49,84,46,TRUE,81
"2572",22,53,74,91,62,TRUE,81
"2573",24,4,32,74,52,FALSE,81
"2574",6,2,82,81,40,FALSE,81
"2575",3,16,17,47,5,FALSE,81
"2576",18,34,65,66,34,FALSE,81
"2577",8,61,37,73,61,TRUE,81
"2578",27,69,31,47,72,TRUE,81
"2579",29,52,0,85,0,FALSE,82
"2580",5,91,0,85,2,TRUE,82
"2581",1,90,85,97,26,TRUE,82
"2582",3,3,33,74,27,FALSE,82
"2583",13,21,74,76,70,FALSE,82
"2584",31,81,12,78,13,TRUE,82
"2585",8,67,10,26,13,TRUE,82
"2586",23,10,80,91,26,FALSE,82
"2587",15,96,13,94,12,TRUE,82
"2588",20,84,6,72,6,TRUE,82
"2589",19,83,2,88,1,TRUE,82
"2590",2,99,8,99,5,TRUE,82
"2591",14,98,5,96,5,TRUE,82
"2592",12,91,6,92,4,TRUE,82
"2593",11,88,4,94,4,TRUE,82
"2594",24,29,3,78,3,FALSE,82
"2595",18,51,19,85,15,FALSE,82
"2596",22,98,22,93,21,TRUE,82
"2597",27,100,57,100,48,TRUE,82
"2598",16,99,12,98,42,TRUE,82
"2599",17,99,82,99,79,TRUE,82
"2600",30,82,4,94,3,TRUE,82
"2601",28,97,3,95,1,TRUE,82
"2602",4,84,27,96,24,TRUE,82
"2603",10,98,2,99,1,TRUE,82
"2604",9,99,2,85,1,TRUE,82
"2605",7,56,12,85,10,FALSE,82
"2606",6,67,2,86,1,TRUE,82
"2607",21,78,2,90,2,FALSE,82
"2608",25,18,1,86,2,FALSE,82
"2609",26,99,2,73,2,TRUE,82
"2610",16,30,74,14,25,FALSE,83
"2611",20,68,8,40,24,TRUE,83
"2612",26,83,40,68,13,TRUE,83
"2613",27,71,37,76,20,FALSE,83
"2614",3,84,7,73,29,FALSE,83
"2615",11,5,0,78,26,FALSE,83
"2616",8,89,6,78,34,TRUE,83
"2617",18,44,74,78,62,TRUE,83
"2618",12,69,3,67,37,TRUE,83
"2619",4,17,0,57,35,FALSE,83
"2620",17,49,40,54,18,TRUE,83
"2621",29,49,8,70,28,FALSE,83
"2622",28,15,10,72,18,FALSE,83
"2623",31,91,76,74,32,TRUE,83
"2624",25,72,24,57,13,TRUE,83
"2625",30,95,82,83,26,TRUE,83
"2626",19,93,82,83,37,TRUE,83
"2627",5,98,65,73,51,TRUE,83
"2628",7,62,74,73,34,FALSE,83
"2629",15,59,44,74,47,FALSE,83
"2630",2,76,40,68,51,TRUE,83
"2631",1,77,51,48,23,TRUE,83
"2632",23,87,58,48,38,TRUE,83
"2633",10,55,72,56,55,FALSE,83
"2634",6,57,39,55,37,FALSE,83
"2635",13,94,76,87,69,TRUE,83
"2636",21,88,76,84,51,TRUE,83
"2637",14,70,49,59,34,TRUE,83
"2638",9,66,57,45,36,TRUE,83
"2639",24,67,48,53,62,TRUE,83
"2640",22,92,59,73,39,TRUE,83
"2702",16,96,20,67,0,TRUE,85
"2703",8,13,16,68,5,FALSE,85
"2704",18,55,21,54,23,TRUE,85
"2705",15,24,27,73,23,FALSE,85
"2706",27,97,25,90,37,TRUE,85
"2707",29,62,24,66,21,TRUE,85
"2708",19,34,12,23,12,FALSE,85
"2709",24,59,22,65,45,TRUE,85
"2710",5,22,23,26,8,FALSE,85
"2711",14,35,15,35,17,FALSE,85
"2712",11,12,14,63,15,FALSE,85
"2713",12,40,22,39,20,TRUE,85
"2714",25,61,19,72,38,TRUE,85
"2715",9,16,15,19,13,FALSE,85
"2716",2,69,12,34,17,TRUE,85
"2717",13,82,11,62,20,TRUE,85
"2718",10,35,14,55,18,FALSE,85
"2719",30,26,13,15,14,FALSE,85
"2720",7,22,12,32,11,FALSE,85
"2721",3,28,16,34,11,FALSE,85
"2722",28,62,19,58,16,TRUE,85
"2723",17,63,18,57,17,TRUE,85
"2724",26,68,12,29,14,TRUE,85
"2725",31,58,16,69,20,TRUE,85
"2726",23,34,15,49,14,FALSE,85
"2727",20,33,17,28,17,FALSE,85
"2728",4,22,22,26,19,FALSE,85
"2729",1,84,16,74,19,TRUE,85
"2730",6,42,14,59,12,TRUE,85
"2731",22,59,14,47,18,TRUE,85
"2732",21,57,22,63,18,TRUE,85
